site_id,datetime,PRES,TSOIL,SOILW,WEASD,SNOD,ICETK
ABBY,2026-08-01T00:00:00Z,97135.84375,289.6950035095215,0.15212501026690006,0,0,0
BARR,2026-08-01T00:00:00Z,100996.8427734375,NA,NA,0,0,0.13499999698251486
BART,2026-08-01T00:00:00Z,95333.0439453125,289.30750274658203,0.25225001387298107,0,0,0
BLAN,2026-08-01T00:00:00Z,98781.2431640625,295.0450019836426,0.2433750107884407,0,0,0
BONA,2026-08-01T00:00:00Z,97266.4423828125,286.25750732421875,0.20462501235306263,0,0,0
CLBJ,2026-08-01T00:00:00Z,97891.443359375,307.02001190185547,0.11375000607222319,0,0,0
CPER,2026-08-01T00:00:00Z,83724.443359375,299.52001190185547,0.1483750082552433,0,0,0
DCFS,2026-08-01T00:00:00Z,95877.443359375,296.5950012207031,0.12162500526756048,0,0,0
DEJU,2026-08-01T00:00:00Z,95173.04296875,287.3950080871582,0.23112500831484795,0,0,0
DELA,2026-08-01T00:00:00Z,100418.0439453125,300.4950141906738,0.24650000780820847,0,0,0
DSNY,2026-08-01T00:00:00Z,101042.0439453125,301.67000579833984,0.18775000981986523,0,0,0
GRSM,2026-08-01T00:00:00Z,91174.6435546875,292.2450065612793,0.28825000673532486,0,0,0
GUAN,2026-08-01T00:00:00Z,100398.8447265625,300.3575096130371,0.20262501202523708,0,0,0
HARV,2026-08-01T00:00:00Z,98238.6435546875,291.2575035095215,0.2812500149011612,0,0,0
HEAL,2026-08-01T00:00:00Z,93798.84375,285.632511138916,0.20987500809133053,0,0,0
JERC,2026-08-01T00:00:00Z,100517.6435546875,301.1700096130371,0.1577500095590949,0,0,0
JORN,2026-08-01T00:00:00Z,86418.244140625,309.53250885009766,0.14137500431388617,0,0,0
KONA,2026-08-01T00:00:00Z,96876.4423828125,297.93251037597656,0.17225001007318497,0,0,0
KONZ,2026-08-01T00:00:00Z,96876.4423828125,297.93251037597656,0.17225001007318497,0,0,0
LAJA,2026-08-01T00:00:00Z,100398.8447265625,300.3575096130371,0.20262501202523708,0,0,0
LENO,2026-08-01T00:00:00Z,100321.84375,300.79500579833984,0.2361250091344118,0,0,0
MLBS,2026-08-01T00:00:00Z,93357.04296875,291.69500732421875,0.25325001031160355,0,0,0
MOAB,2026-08-01T00:00:00Z,80259.244140625,301.00750732421875,0.15175000950694084,0,0,0
NIWO,2026-08-01T00:00:00Z,74860.6435546875,290.28250885009766,0.19662501104176044,0,0,0
NOGP,2026-08-01T00:00:00Z,94989.6435546875,298.10750579833984,0.07537500374019146,0,0,0
OAES,2026-08-01T00:00:00Z,95504.04296875,306.77001190185547,0.09537500143051147,0,0,0
ONAQ,2026-08-01T00:00:00Z,82541.64453125,304.19500732421875,0.10250000655651093,0,0,0
ORNL,2026-08-01T00:00:00Z,96449.8447265625,294.82000732421875,0.29100001230835915,0,0,0
OSBS,2026-08-01T00:00:00Z,100927.4443359375,302.17000579833984,0.15312501043081284,0,0,0
PUUM,2026-08-01T00:00:00Z,81013.6416015625,294.7075080871582,0.2448750138282776,0,0,0
RMNP,2026-08-01T00:00:00Z,75304.84375,289.7450065612793,0.22800000943243504,0,0,0
SCBI,2026-08-01T00:00:00Z,98781.2431640625,295.0450019836426,0.2433750107884407,0,0,0
SERC,2026-08-01T00:00:00Z,101166.84375,NA,NA,NA,NA,0
SJER,2026-08-01T00:00:00Z,94373.4443359375,301.13250732421875,0.046750002540647984,0,0,0
SOAP,2026-08-01T00:00:00Z,94373.4443359375,301.13250732421875,0.046750002540647984,0,0,0
SRER,2026-08-01T00:00:00Z,90093.6435546875,311.17000579833984,0.14475001022219658,0,0,0
STEI,2026-08-01T00:00:00Z,95843.244140625,292.13250732421875,0.2110000103712082,0,0,0
STER,2026-08-01T00:00:00Z,87644.4443359375,299.9200096130371,0.12937500979751348,0,0,0
TALL,2026-08-01T00:00:00Z,99932.6435546875,299.9200134277344,0.29875001311302185,0,0,0
TEAK,2026-08-01T00:00:00Z,80822.0419921875,294.09500885009766,0.07687500678002834,0,0,0
TOOL,2026-08-01T00:00:00Z,89551.84375,282.4825096130371,0.22412500903010368,0,0,0
TREE,2026-08-01T00:00:00Z,95843.244140625,292.13250732421875,0.2110000103712082,0,0,0
UKFS,2026-08-01T00:00:00Z,97750.8427734375,297.0700035095215,0.19600000977516174,0,0,0
UNDE,2026-08-01T00:00:00Z,95485.044921875,291.8325004577637,0.2258750107139349,0,0,0
WOOD,2026-08-01T00:00:00Z,95877.443359375,296.5950012207031,0.12162500526756048,0,0,0
WREF,2026-08-01T00:00:00Z,92748.244140625,290.65750885009766,0.188750009983778,0,0,0
YELL,2026-08-01T00:00:00Z,76821.8427734375,291.5575065612793,0.154125003144145,0,0,0
ABBY,2026-08-02T00:00:00Z,97417.2880859375,287.55751037597656,0.15787500701844692,0,0,0
BARR,2026-08-02T00:00:00Z,101019.087890625,NA,NA,0,0,0.11124999821186066
BART,2026-08-02T00:00:00Z,95405.8876953125,290.2825050354004,0.25012500770390034,0,0,0
BLAN,2026-08-02T00:00:00Z,98509.4873046875,295.4700050354004,0.21825000829994678,0,0,0
BONA,2026-08-02T00:00:00Z,97427.888671875,287.8575019836426,0.19887501187622547,0,0,0
CLBJ,2026-08-02T00:00:00Z,97964.2861328125,304.45750427246094,0.10462500434368849,0,0,0
CPER,2026-08-02T00:00:00Z,83237.888671875,300.8450050354004,0.14737500622868538,0,0,0
DCFS,2026-08-02T00:00:00Z,95084.2880859375,297.52000427246094,0.11125000566244125,0,0,0
DEJU,2026-08-02T00:00:00Z,95391.0869140625,288.74501037597656,0.22637501172721386,0,0,0
DELA,2026-08-02T00:00:00Z,100138.6875,300.27000427246094,0.21512500755488873,0,0,0
DSNY,2026-08-02T00:00:00Z,100977.8876953125,300.0200080871582,0.1901250071823597,0,0,0
GRSM,2026-08-02T00:00:00Z,90795.6884765625,292.6075096130371,0.30237501487135887,0,0,0
GUAN,2026-08-02T00:00:00Z,100399.4873046875,300.44500732421875,0.20575001277029514,0,0,0
HARV,2026-08-02T00:00:00Z,98325.8876953125,292.7450065612793,0.28725000843405724,0,0,0
HEAL,2026-08-02T00:00:00Z,94036.4873046875,287.0825080871582,0.2057500146329403,0,0,0
JERC,2026-08-02T00:00:00Z,100227.8876953125,299.1700096130371,0.21350000984966755,0,0,0
JORN,2026-08-02T00:00:00Z,86347.287109375,308.48250579833984,0.1628750078380108,0,0,0
KONA,2026-08-02T00:00:00Z,96871.486328125,297.7075080871582,0.16212500631809235,0,0,0
KONZ,2026-08-02T00:00:00Z,96871.486328125,297.7075080871582,0.16212500631809235,0,0,0
LAJA,2026-08-02T00:00:00Z,100399.4873046875,300.44500732421875,0.20575001277029514,0,0,0
LENO,2026-08-02T00:00:00Z,100030.087890625,300.40750885009766,0.23075001314282417,0,0,0
MLBS,2026-08-02T00:00:00Z,93007.6875,292.30750274658203,0.262500012293458,0,0,0
MOAB,2026-08-02T00:00:00Z,80007.287109375,301.320011138916,0.13725000992417336,0,0,0
NIWO,2026-08-02T00:00:00Z,74552.6875,291.6200065612793,0.18812501057982445,0,0,0
NOGP,2026-08-02T00:00:00Z,94045.0859375,299.8950080871582,0.09362500440329313,0,0,0
OAES,2026-08-02T00:00:00Z,95461.4873046875,304.78250885009766,0.08762500621378422,0,0,0
ONAQ,2026-08-02T00:00:00Z,82201.8876953125,304.2325019836426,0.08812500350177288,0,0,0
ORNL,2026-08-02T00:00:00Z,96084.0869140625,294.6700096130371,0.3296250142157078,0,0,0
OSBS,2026-08-02T00:00:00Z,100851.6884765625,299.7700080871582,0.1666250079870224,0,0,0
PUUM,2026-08-02T00:00:00Z,81029.8876953125,296.00750732421875,0.2382500097155571,0,0,0
RMNP,2026-08-02T00:00:00Z,74986.48828125,291.19500732421875,0.20750000700354576,0,0,0
SCBI,2026-08-02T00:00:00Z,98509.4873046875,295.4700050354004,0.21825000829994678,0,0,0
SERC,2026-08-02T00:00:00Z,100947.0859375,NA,NA,NA,NA,0
SJER,2026-08-02T00:00:00Z,94118.6875,301.7200050354004,0.046750002540647984,0,0,0
SOAP,2026-08-02T00:00:00Z,94118.6875,301.7200050354004,0.046750002540647984,0,0,0
SRER,2026-08-02T00:00:00Z,89938.8857421875,311.2700080871582,0.14737500436604023,0,0,0
STEI,2026-08-02T00:00:00Z,95886.0869140625,292.54500579833984,0.20012500695884228,0,0,0
STER,2026-08-02T00:00:00Z,87167.287109375,301.12001037597656,0.13837500661611557,0,0,0
TALL,2026-08-02T00:00:00Z,99659.0888671875,299.5325050354004,0.2825000137090683,0,0,0
TEAK,2026-08-02T00:00:00Z,80620.88671875,294.55751037597656,0.06887500546872616,0,0,0
TOOL,2026-08-02T00:00:00Z,89526.4873046875,283.19500732421875,0.229875011369586,0,0,0
TREE,2026-08-02T00:00:00Z,95886.0869140625,292.54500579833984,0.20012500695884228,0,0,0
UKFS,2026-08-02T00:00:00Z,97929.4873046875,296.42000579833984,0.13962500356137753,0,0,0
UNDE,2026-08-02T00:00:00Z,95573.6875,292.07000732421875,0.20850000903010368,0,0,0
WOOD,2026-08-02T00:00:00Z,95084.2880859375,297.52000427246094,0.11125000566244125,0,0,0
WREF,2026-08-02T00:00:00Z,92953.48828125,287.1200065612793,0.19662501104176044,0,0,0
YELL,2026-08-02T00:00:00Z,76378.4873046875,291.30750274658203,0.16125000268220901,0,0,0
ABBY,2026-08-03T00:00:00Z,97290.89453125,287.52000427246094,0.1547500044107437,0,0,0
BARR,2026-08-03T00:00:00Z,100916.2939453125,NA,NA,0,0,0.2212499976158142
BART,2026-08-03T00:00:00Z,94861.89453125,291.08251190185547,0.2815000154078007,0,0,0
BLAN,2026-08-03T00:00:00Z,98310.6923828125,295.2200050354004,0.2697500139474869,0,0,0
BONA,2026-08-03T00:00:00Z,97276.29296875,287.9700012207031,0.19950001314282417,0,0,0
CLBJ,2026-08-03T00:00:00Z,97811.892578125,304.55751037597656,0.10262500680983067,0,0,0
CPER,2026-08-03T00:00:00Z,82722.6923828125,302.79500579833984,0.12187500484287739,0,0,0
DCFS,2026-08-03T00:00:00Z,94722.2939453125,298.632511138916,0.12062500603497028,0,0,0
DEJU,2026-08-03T00:00:00Z,95345.6943359375,288.9950065612793,0.22600001096725464,0,0,0
DELA,2026-08-03T00:00:00Z,100459.8955078125,298.05750274658203,0.2355000115931034,0,0,0
DSNY,2026-08-03T00:00:00Z,100992.8935546875,299.29500579833984,0.18387500941753387,0,0,0
GRSM,2026-08-03T00:00:00Z,90963.8935546875,292.2950096130371,0.30250001698732376,0,0,0
GUAN,2026-08-03T00:00:00Z,100396.294921875,300.7950096130371,0.19962500967085361,0,0,0
HARV,2026-08-03T00:00:00Z,97771.892578125,293.6075096130371,0.29850001260638237,0,0,0
HEAL,2026-08-03T00:00:00Z,93847.89453125,286.59500885009766,0.2023750077933073,0,0,0
JERC,2026-08-03T00:00:00Z,100314.2939453125,299.7700080871582,0.18775000981986523,0,0,0
JORN,2026-08-03T00:00:00Z,86064.294921875,307.9200096130371,0.15712500736117363,0,0,0
KONA,2026-08-03T00:00:00Z,96679.6943359375,297.3075065612793,0.17737500742077827,0,0,0
KONZ,2026-08-03T00:00:00Z,96679.6943359375,297.3075065612793,0.17737500742077827,0,0,0
LAJA,2026-08-03T00:00:00Z,100396.294921875,300.7950096130371,0.19962500967085361,0,0,0
LENO,2026-08-03T00:00:00Z,100326.6943359375,298.7200050354004,0.226375013589859,0,0,0
MLBS,2026-08-03T00:00:00Z,93032.0927734375,292.39500427246094,0.2717500105500221,0,0,0
MOAB,2026-08-03T00:00:00Z,79754.6943359375,301.92000579833984,0.14425000920891762,0,0,0
NIWO,2026-08-03T00:00:00Z,74173.2939453125,292.49500274658203,0.17162500880658627,0,0,0
NOGP,2026-08-03T00:00:00Z,93895.4931640625,301.3325080871582,0.08237500302493572,0,0,0
OAES,2026-08-03T00:00:00Z,95165.494140625,305.78250885009766,0.08300000429153442,0,0,0
ONAQ,2026-08-03T00:00:00Z,82003.693359375,304.4075050354004,0.09775000438094139,0,0,0
ORNL,2026-08-03T00:00:00Z,96397.8935546875,294.42000579833984,0.30925001576542854,0,0,0
OSBS,2026-08-03T00:00:00Z,100903.494140625,299.47000885009766,0.17225000634789467,0,0,0
PUUM,2026-08-03T00:00:00Z,80924.89453125,297.08250427246094,0.25250001437962055,0,0,0
RMNP,2026-08-03T00:00:00Z,74597.0927734375,292.44500732421875,0.19362500868737698,0,0,0
SCBI,2026-08-03T00:00:00Z,98310.6923828125,295.2200050354004,0.2697500139474869,0,0,0
SERC,2026-08-03T00:00:00Z,100613.29296875,NA,NA,NA,NA,0
SJER,2026-08-03T00:00:00Z,93861.0947265625,302.0575065612793,0.046750002540647984,0,0,0
SOAP,2026-08-03T00:00:00Z,93861.0947265625,302.0575065612793,0.046750002540647984,0,0,0
SRER,2026-08-03T00:00:00Z,89754.8935546875,310.9200096130371,0.15350000746548176,0,0,0
STEI,2026-08-03T00:00:00Z,95879.0927734375,292.0074996948242,0.19237500615417957,0,0,0
STER,2026-08-03T00:00:00Z,86555.494140625,303.17000579833984,0.12200000416487455,0,0,0
TALL,2026-08-03T00:00:00Z,99978.0947265625,297.49500274658203,0.2708750106394291,0,0,0
TEAK,2026-08-03T00:00:00Z,80393.4921875,294.1450080871582,0.0702500008046627,0,0,0
TOOL,2026-08-03T00:00:00Z,89143.2939453125,280.94500732421875,0.23925001546740532,0,0,0
TREE,2026-08-03T00:00:00Z,95879.0927734375,292.0074996948242,0.19237500615417957,0,0,0
UKFS,2026-08-03T00:00:00Z,97876.6943359375,295.87001037597656,0.1888750120997429,0,0,0
UNDE,2026-08-03T00:00:00Z,95487.2939453125,291.43251037597656,0.19312500767409801,0,0,0
WOOD,2026-08-03T00:00:00Z,94722.2939453125,298.632511138916,0.12062500603497028,0,0,0
WREF,2026-08-03T00:00:00Z,92899.4951171875,286.8200035095215,0.1965000107884407,0,0,0
YELL,2026-08-03T00:00:00Z,76248.0927734375,289.6575126647949,0.13925000466406345,0,0,0
ABBY,2026-08-04T00:00:00Z,96831.8935546875,289.73926162719727,0.15312501229345798,0,0,0
BARR,2026-08-04T00:00:00Z,100647.6953125,NA,NA,0,0,0.16124999709427357
BART,2026-08-04T00:00:00Z,95363.89453125,290.17675399780273,0.2905000150203705,0,0,0
BLAN,2026-08-04T00:00:00Z,99119.2958984375,295.3142623901367,0.26725001260638237,0,0,0
BONA,2026-08-04T00:00:00Z,97291.095703125,285.83926010131836,0.2658750154078007,0,0,0
CLBJ,2026-08-04T00:00:00Z,97789.89453125,305.6392517089844,0.10250000655651093,0,0,0
CPER,2026-08-04T00:00:00Z,83434.49609375,298.8767547607422,0.11400000378489494,0,0,0
DCFS,2026-08-04T00:00:00Z,95591.095703125,294.9142608642578,0.10487500578165054,0,0,0
DEJU,2026-08-04T00:00:00Z,95317.4951171875,286.98926162719727,0.22550000995397568,0,0,0
DELA,2026-08-04T00:00:00Z,100716.89453125,298.0392646789551,0.21075001172721386,0,0,0
DSNY,2026-08-04T00:00:00Z,101100.4970703125,300.51425552368164,0.17075000889599323,0,0,0
GRSM,2026-08-04T00:00:00Z,91363.0966796875,292.11426162719727,0.3062500096857548,0,0,0
GUAN,2026-08-04T00:00:00Z,100382.4951171875,301.0267562866211,0.1957500111311674,0,0,0
HARV,2026-08-04T00:00:00Z,98442.89453125,292.63925552368164,0.30137500911951065,0,0,0
HEAL,2026-08-04T00:00:00Z,93739.0947265625,284.6267547607422,0.20050000585615635,0,0,0
JERC,2026-08-04T00:00:00Z,100583.294921875,300.0392608642578,0.164625009521842,0,0,0
JORN,2026-08-04T00:00:00Z,85890.294921875,308.1267547607422,0.15287500992417336,0,0,0
KONA,2026-08-04T00:00:00Z,96645.693359375,297.8767623901367,0.1762500051409006,0,0,0
KONZ,2026-08-04T00:00:00Z,96645.693359375,297.8767623901367,0.1762500051409006,0,0,0
LAJA,2026-08-04T00:00:00Z,100382.4951171875,301.0267562866211,0.1957500111311674,0,0,0
LENO,2026-08-04T00:00:00Z,100588.294921875,298.1767578125,0.23187501169741154,0,0,0
MLBS,2026-08-04T00:00:00Z,93609.2958984375,292.48925399780273,0.25812501460313797,0,0,0
MOAB,2026-08-04T00:00:00Z,79708.6953125,301.33926010131836,0.1392500028014183,0,0,0
NIWO,2026-08-04T00:00:00Z,74412.0947265625,290.5767631530762,0.17337501049041748,0,0,0
NOGP,2026-08-04T00:00:00Z,94949.6953125,295.93925857543945,0.06750000268220901,0,0,0
OAES,2026-08-04T00:00:00Z,95089.0966796875,305.7642631530762,0.08275000378489494,0,0,0
ONAQ,2026-08-04T00:00:00Z,82143.6962890625,302.38925552368164,0.09775000438094139,0,0,0
ORNL,2026-08-04T00:00:00Z,96776.294921875,294.6392593383789,0.3060000166296959,0,0,0
OSBS,2026-08-04T00:00:00Z,100997.4951171875,301.31425857543945,0.15525000542402267,0,0,0
PUUM,2026-08-04T00:00:00Z,80862.89453125,296.95175552368164,0.24987500719726086,0,0,0
RMNP,2026-08-04T00:00:00Z,74865.494140625,289.9642562866211,0.19137500785291195,0,0,0
SCBI,2026-08-04T00:00:00Z,99119.2958984375,295.3142623901367,0.26725001260638237,0,0,0
SERC,2026-08-04T00:00:00Z,101399.8955078125,NA,NA,NA,NA,0
SJER,2026-08-04T00:00:00Z,93833.6953125,302.3142623901367,0.046750002540647984,0,0,0
SOAP,2026-08-04T00:00:00Z,93833.6953125,302.3142623901367,0.046750002540647984,0,0,0
SRER,2026-08-04T00:00:00Z,89812.8955078125,307.6142578125,0.17137500643730164,0,0,0
STEI,2026-08-04T00:00:00Z,95763.6962890625,293.4017562866211,0.18787500821053982,0,0,0
STER,2026-08-04T00:00:00Z,87299.6943359375,300.71426010131836,0.10300000570714474,0,0,0
TALL,2026-08-04T00:00:00Z,100240.294921875,297.68925857543945,0.23875001072883606,0,0,0
TEAK,2026-08-04T00:00:00Z,80377.6953125,294.28925704956055,0.07237500511109829,0,0,0
TOOL,2026-08-04T00:00:00Z,89254.49609375,281.52676010131836,0.229875011369586,0,0,0
TREE,2026-08-04T00:00:00Z,95763.6962890625,293.4017562866211,0.18787500821053982,0,0,0
UKFS,2026-08-04T00:00:00Z,97875.095703125,296.8767547607422,0.15712500922381878,0,0,0
UNDE,2026-08-04T00:00:00Z,95343.2958984375,293.1767578125,0.18850000947713852,0,0,0
WOOD,2026-08-04T00:00:00Z,95591.095703125,294.9142608642578,0.10487500578165054,0,0,0
WREF,2026-08-04T00:00:00Z,92601.6953125,288.91425704956055,0.19387500546872616,0,0,0
YELL,2026-08-04T00:00:00Z,76483.095703125,286.90176010131836,0.1306250113993883,0,0,0
ABBY,2026-08-05T00:00:00Z,96553.322265625,291.6075134277344,0.14700000174343586,0,0,0
BARR,2026-08-05T00:00:00Z,101345.5224609375,NA,NA,0,0,0.1424999963492155
BART,2026-08-05T00:00:00Z,95910.123046875,290.6825141906738,0.26512501016259193,0,0,0
BLAN,2026-08-05T00:00:00Z,99320.322265625,295.52001190185547,0.27150000631809235,0,0,0
BONA,2026-08-05T00:00:00Z,97543.923828125,286.8075141906738,0.238375011831522,0,0,0
CLBJ,2026-08-05T00:00:00Z,98013.921875,306.19501876831055,0.10250000655651093,0,0,0
CPER,2026-08-05T00:00:00Z,83373.5224609375,295.30751037597656,0.1012500049546361,0,0,0
DCFS,2026-08-05T00:00:00Z,95515.9228515625,292.9325141906738,0.0947500029578805,0,0,0
DEJU,2026-08-05T00:00:00Z,95493.3232421875,287.67001724243164,0.2091250065714121,0,0,0
DELA,2026-08-05T00:00:00Z,100943.7216796875,298.8450050354004,0.19425000622868538,0,0,0
DSNY,2026-08-05T00:00:00Z,101375.72265625,301.39501190185547,0.17875000648200512,0,0,0
GRSM,2026-08-05T00:00:00Z,91700.521484375,292.0575141906738,0.30662501230835915,0,0,0
GUAN,2026-08-05T00:00:00Z,100353.32421875,300.39501953125,0.20100000873208046,0,0,0
HARV,2026-08-05T00:00:00Z,98855.1220703125,292.72000885009766,0.2808750122785568,0,0,0
HEAL,2026-08-05T00:00:00Z,94044.9228515625,285.27001571655273,0.19350000470876694,0,0,0
JERC,2026-08-05T00:00:00Z,100912.72265625,301.3825149536133,0.14525000751018524,0,0,0
JORN,2026-08-05T00:00:00Z,86069.5234375,308.9075126647949,0.14075000397861004,0,0,0
KONA,2026-08-05T00:00:00Z,96795.3232421875,298.89501190185547,0.14875000528991222,0,0,0
KONZ,2026-08-05T00:00:00Z,96795.3232421875,298.89501190185547,0.14875000528991222,0,0,0
LAJA,2026-08-05T00:00:00Z,100353.32421875,300.39501953125,0.20100000873208046,0,0,0
LENO,2026-08-05T00:00:00Z,100809.5224609375,299.4700126647949,0.20475001260638237,0,0,0
MLBS,2026-08-05T00:00:00Z,93878.72265625,292.90750885009766,0.2606250122189522,0,0,0
MOAB,2026-08-05T00:00:00Z,79883.921875,301.0950164794922,0.12325000576674938,0,0,0
NIWO,2026-08-05T00:00:00Z,74374.3212890625,288.69501876831055,0.15775000862777233,0,0,0
NOGP,2026-08-05T00:00:00Z,94709.3212890625,293.507511138916,0.06887500546872616,0,0,0
OAES,2026-08-05T00:00:00Z,95300.9228515625,306.5575141906738,0.083500005304813385,0,0,0
ONAQ,2026-08-05T00:00:00Z,82274.322265625,301.5325126647949,0.08875000290572643,0,0,0
ORNL,2026-08-05T00:00:00Z,97089.923828125,295.27001190185547,0.31062501296401024,0,0,0
OSBS,2026-08-05T00:00:00Z,101366.7216796875,301.1700134277344,0.1482500061392784,0,0,0
PUUM,2026-08-05T00:00:00Z,80894.5224609375,296.77001190185547,0.23950001038610935,0,0,0
RMNP,2026-08-05T00:00:00Z,74812.7236328125,289.02001190185547,0.18175001069903374,0,0,0
SCBI,2026-08-05T00:00:00Z,99320.322265625,295.52001190185547,0.27150000631809235,0,0,0
SERC,2026-08-05T00:00:00Z,101681.9228515625,NA,NA,NA,NA,0
SJER,2026-08-05T00:00:00Z,94026.123046875,302.3075180053711,0.046750002540647984,0,0,0
SOAP,2026-08-05T00:00:00Z,94026.123046875,302.3075180053711,0.046750002540647984,0,0,0
SRER,2026-08-05T00:00:00Z,90016.9228515625,308.8575134277344,0.15662500634789467,0,0,0
STEI,2026-08-05T00:00:00Z,96043.9228515625,292.14501190185547,0.1906250137835741,0,0,0
STER,2026-08-05T00:00:00Z,87423.3232421875,293.99501037597656,0.0966250030323863,0,0,0
TALL,2026-08-05T00:00:00Z,100491.72265625,298.30751037597656,0.25037500634789467,0,0,0
TEAK,2026-08-05T00:00:00Z,80540.322265625,294.4200134277344,0.0708750020712614,0,0,0
TOOL,2026-08-05T00:00:00Z,89858.921875,284.19500732421875,0.22900001145899296,0,0,0
TREE,2026-08-05T00:00:00Z,96043.9228515625,292.14501190185547,0.1906250137835741,0,0,0
UKFS,2026-08-05T00:00:00Z,97960.123046875,297.58251571655273,0.14925001002848148,0,0,0
UNDE,2026-08-05T00:00:00Z,95675.3212890625,291.52001190185547,0.18450000509619713,0,0,0
WOOD,2026-08-05T00:00:00Z,95515.9228515625,292.9325141906738,0.0947500029578805,0,0,0
WREF,2026-08-05T00:00:00Z,92340.123046875,291.20751571655273,0.1881250087171793,0,0,0
YELL,2026-08-05T00:00:00Z,76459.5234375,286.3450126647949,0.12762500531971455,0,0,0
ABBY,2026-08-06T00:00:00Z,96600.580078125,292.4632568359375,0.14500001072883606,0,0,0
BARR,2026-08-06T00:00:00Z,101433.3798828125,NA,NA,0,0,0.10749999806284904
BART,2026-08-06T00:00:00Z,95850.9794921875,291.7257614135742,0.26075001433491707,0,0,0
BLAN,2026-08-06T00:00:00Z,99325.9794921875,296.15076065063477,0.27687501534819603,0,0,0
BONA,2026-08-06T00:00:00Z,97564.3798828125,287.9382667541504,0.2276250123977661,0,0,0
CLBJ,2026-08-06T00:00:00Z,98145.181640625,306.62575912475586,0.10225000604987144,0,0,0
CPER,2026-08-06T00:00:00Z,83339.3798828125,297.52576065063477,0.10825000517070293,0,0,0
DCFS,2026-08-06T00:00:00Z,95178.3798828125,295.00075912475586,0.08200000319629908,0,0,0
DEJU,2026-08-06T00:00:00Z,95481.380859375,288.43825912475586,0.20712501369416714,0,0,0
DELA,2026-08-06T00:00:00Z,101145.1806640625,300.5507583618164,0.1867500077933073,0,0,0
DSNY,2026-08-06T00:00:00Z,101542.5810546875,301.1132583618164,0.17812500521540642,0,0,0
GRSM,2026-08-06T00:00:00Z,91966.380859375,291.9132537841797,0.30887502059340477,0,0,0
GUAN,2026-08-06T00:00:00Z,100453.98046875,300.6632614135742,0.20687500946223736,0,0,0
HARV,2026-08-06T00:00:00Z,98781.1806640625,293.4382629394531,0.2942500077188015,0,0,0
HEAL,2026-08-06T00:00:00Z,94113.98046875,285.3882598876953,0.19137500785291195,0,0,0
JERC,2026-08-06T00:00:00Z,101202.9814453125,301.68825912475586,0.13887500576674938,0,0,0
JORN,2026-08-06T00:00:00Z,86170.5810546875,309.3507652282715,0.14000000432133675,0,0,0
KONA,2026-08-06T00:00:00Z,97030.98046875,298.72575759887695,0.20775001123547554,0,0,0
KONZ,2026-08-06T00:00:00Z,97030.98046875,298.72575759887695,0.20775001123547554,0,0,0
LAJA,2026-08-06T00:00:00Z,100453.98046875,300.6632614135742,0.20687500946223736,0,0,0
LENO,2026-08-06T00:00:00Z,101029.5810546875,300.8632583618164,0.18787500821053982,0,0,0
MLBS,2026-08-06T00:00:00Z,94034.5810546875,292.9757614135742,0.27025001868605614,0,0,0
MOAB,2026-08-06T00:00:00Z,80071.1806640625,300.8507614135742,0.11337500717490911,0,0,0
NIWO,2026-08-06T00:00:00Z,74529.380859375,289.0382652282715,0.1522500105202198,0,0,0
NOGP,2026-08-06T00:00:00Z,94369.580078125,295.32575607299805,0.0775000024586916,0,0,0
OAES,2026-08-06T00:00:00Z,95413.9794921875,307.45075607299805,0.08287500403821468,0,0,0
ONAQ,2026-08-06T00:00:00Z,82422.98046875,301.9257583618164,0.07962500490248203,0,0,0
ORNL,2026-08-06T00:00:00Z,97351.779296875,295.3007583618164,0.31937501206994057,0,0,0
OSBS,2026-08-06T00:00:00Z,101557.1806640625,301.6257629394531,0.1458750031888485,0,0,0
PUUM,2026-08-06T00:00:00Z,80917.1787109375,294.5257568359375,0.25300001725554466,0,0,0
RMNP,2026-08-06T00:00:00Z,74965.98046875,288.8507614135742,0.16887500323355198,0,0,0
SCBI,2026-08-06T00:00:00Z,99325.9794921875,296.15076065063477,0.27687501534819603,0,0,0
SERC,2026-08-06T00:00:00Z,101677.580078125,NA,NA,NA,NA,0
SJER,2026-08-06T00:00:00Z,94171.1796875,302.40076065063477,0.04687500232830644,0,0,0
SOAP,2026-08-06T00:00:00Z,94171.1796875,302.40076065063477,0.04687500232830644,0,0,0
SRER,2026-08-06T00:00:00Z,90102.580078125,309.3382568359375,0.16550000943243504,0,0,0
STEI,2026-08-06T00:00:00Z,96203.5810546875,291.22575759887695,0.18262501247227192,0,0,0
STER,2026-08-06T00:00:00Z,87304.3798828125,297.22575759887695,0.10537500586360693,0,0,0
TALL,2026-08-06T00:00:00Z,100714.9814453125,300.0007629394531,0.24650001153349876,0,0,0
TEAK,2026-08-06T00:00:00Z,80683.98046875,295.01325607299805,0.06400000303983688,0,0,0
TOOL,2026-08-06T00:00:00Z,89860.1806640625,285.77576065063477,0.21900001168251038,0,0,0
TREE,2026-08-06T00:00:00Z,96203.5810546875,291.22575759887695,0.18262501247227192,0,0,0
UKFS,2026-08-06T00:00:00Z,98110.580078125,297.9882621765137,0.2082500085234642,0,0,0
UNDE,2026-08-06T00:00:00Z,95811.5810546875,290.75075912475586,0.1822500117123127,0,0,0
WOOD,2026-08-06T00:00:00Z,95178.3798828125,295.00075912475586,0.08200000319629908,0,0,0
WREF,2026-08-06T00:00:00Z,92345.380859375,292.98826599121094,0.18325001373887062,0,0,0
YELL,2026-08-06T00:00:00Z,76548.580078125,287.5132598876953,0.13275000266730785,0,0,0
ABBY,2026-08-07T00:00:00Z,96858.8935546875,292.7267608642578,0.14275000616908073,0,0,0
BARR,2026-08-07T00:00:00Z,101024.4951171875,NA,NA,NA,NA,0
BART,2026-08-07T00:00:00Z,95829.8955078125,293.46427154541016,0.2600000128149986,0,0,0
BLAN,2026-08-07T00:00:00Z,99434.0947265625,296.7142639160156,0.2603750117123127,0,0,0
BONA,2026-08-07T00:00:00Z,97646.6943359375,287.7767639160156,0.21737500838935375,0,0,0
CLBJ,2026-08-07T00:00:00Z,98224.8955078125,307.001766204834,0.10250000655651093,0,0,0
CPER,2026-08-07T00:00:00Z,83521.49609375,299.6642608642578,0.09387500584125519,0,0,0
DCFS,2026-08-07T00:00:00Z,95498.89453125,296.38926696777344,0.0768750049173832,0,0,0
DEJU,2026-08-07T00:00:00Z,95526.294921875,288.61426544189453,0.20762500911951065,0,0,0
DELA,2026-08-07T00:00:00Z,101314.49609375,300.26426696777344,0.2186250127851963,0,0,0
DSNY,2026-08-07T00:00:00Z,101532.294921875,300.1517639160156,0.18237500824034214,0,0,0
GRSM,2026-08-07T00:00:00Z,92091.49609375,291.76426696777344,0.31850001960992813,0,0,0
GUAN,2026-08-07T00:00:00Z,100544.89453125,300.5767593383789,0.20475001260638237,0,0,0
HARV,2026-08-07T00:00:00Z,98700.6953125,294.3767623901367,0.2876250110566616,0,0,0
HEAL,2026-08-07T00:00:00Z,94218.0947265625,285.001766204834,0.18962501175701618,0,0,0
JERC,2026-08-07T00:00:00Z,101359.0947265625,300.33926010131836,0.15462500788271427,0,0,0
JORN,2026-08-07T00:00:00Z,86378.49609375,308.7517623901367,0.1380000039935112,0,0,0
KONA,2026-08-07T00:00:00Z,96960.09375,298.4142608642578,0.23325001262128353,0,0,0
KONZ,2026-08-07T00:00:00Z,96960.09375,298.4142608642578,0.23325001262128353,0,0,0
LAJA,2026-08-07T00:00:00Z,100544.89453125,300.5767593383789,0.20475001260638237,0,0,0
LENO,2026-08-07T00:00:00Z,101184.4951171875,300.70176696777344,0.20125000923871994,0,0,0
MLBS,2026-08-07T00:00:00Z,94157.693359375,293.2267646789551,0.28587501496076584,0,0,0
MOAB,2026-08-07T00:00:00Z,80210.8955078125,301.11426162719727,0.11862500384449959,0,0,0
NIWO,2026-08-07T00:00:00Z,74768.494140625,290.42676544189453,0.14200000651180744,0,0,0
NOGP,2026-08-07T00:00:00Z,94820.8955078125,296.60176849365234,0.07437500264495611,0,0,0
OAES,2026-08-07T00:00:00Z,95499.0947265625,307.2517623901367,0.08812500443309546,0,0,0
ONAQ,2026-08-07T00:00:00Z,82549.2958984375,303.3392639160156,0.08637500368058681,0,0,0
ORNL,2026-08-07T00:00:00Z,97470.095703125,295.3017692565918,0.32762501761317253,0,0,0
OSBS,2026-08-07T00:00:00Z,101662.294921875,299.3642692565918,0.17487500980496407,0,0,0
PUUM,2026-08-07T00:00:00Z,80933.0947265625,296.2517623901367,0.2553750053048134,0,0,0
RMNP,2026-08-07T00:00:00Z,75205.095703125,290.7142639160156,0.1581250075250864,0,0,0
SCBI,2026-08-07T00:00:00Z,99434.0947265625,296.7142639160156,0.2603750117123127,0,0,0
SERC,2026-08-07T00:00:00Z,101738.6953125,NA,NA,NA,NA,0
SJER,2026-08-07T00:00:00Z,94312.8955078125,302.7267646789551,0.04687500232830644,0,0,0
SOAP,2026-08-07T00:00:00Z,94312.8955078125,302.7267646789551,0.04687500232830644,0,0,0
SRER,2026-08-07T00:00:00Z,90217.6953125,309.626766204834,0.14912500604987144,0,0,0
STEI,2026-08-07T00:00:00Z,96005.6962890625,291.7767639160156,0.17900000512599945,0,0,0
STER,2026-08-07T00:00:00Z,87317.095703125,300.02676010131836,0.09737500455230474,0,0,0
TALL,2026-08-07T00:00:00Z,100874.6953125,299.9517631530762,0.25325001031160355,0,0,0
TEAK,2026-08-07T00:00:00Z,80802.4951171875,295.78925704956055,0.06587500032037497,0,0,0
TOOL,2026-08-07T00:00:00Z,89592.296875,286.2017593383789,0.21450000815093517,0,0,0
TREE,2026-08-07T00:00:00Z,96005.6962890625,291.7767639160156,0.17900000512599945,0,0,0
UKFS,2026-08-07T00:00:00Z,98154.896484375,297.4142646789551,0.19375001080334187,0,0,0
UNDE,2026-08-07T00:00:00Z,95578.0947265625,291.6017646789551,0.1726250071078539,0,0,0
WOOD,2026-08-07T00:00:00Z,95498.89453125,296.38926696777344,0.0768750049173832,0,0,0
WREF,2026-08-07T00:00:00Z,92570.4951171875,293.4642639160156,0.18200001120567322,0,0,0
YELL,2026-08-07T00:00:00Z,76771.4951171875,288.7892646789551,0.11750000715255737,0,0,0
ABBY,2026-08-08T00:00:00Z,97067.4501953125,291.9892578125,0.1417500041425228,0,0,0
BARR,2026-08-08T00:00:00Z,101518.451171875,NA,NA,NA,NA,0
BART,2026-08-08T00:00:00Z,95491.6494140625,293.376766204834,0.27125001326203346,0,0,0
BLAN,2026-08-08T00:00:00Z,99184.8486328125,296.4767646789551,0.26762501522898674,0,0,0
BONA,2026-08-08T00:00:00Z,98126.4501953125,285.3517646789551,0.2160000056028366,0,0,0
CLBJ,2026-08-08T00:00:00Z,98240.4501953125,306.5017623901367,0.11937500536441803,0,0,0
CPER,2026-08-08T00:00:00Z,83403.251953125,300.1642608642578,0.09112500678747892,0,0,0
DCFS,2026-08-08T00:00:00Z,95539.8505859375,294.96426010131836,0.07625000551342964,0,0,0
DEJU,2026-08-08T00:00:00Z,95980.8505859375,287.0892677307129,0.20775001123547554,0,0,0
DELA,2026-08-08T00:00:00Z,101221.8505859375,300.80176162719727,0.1935000065714121,0,0,0
DSNY,2026-08-08T00:00:00Z,101376.6513671875,301.6267623901367,0.17637500911951065,0,0,0
GRSM,2026-08-08T00:00:00Z,91995.8505859375,292.0142631530762,0.318750012665987,0,0,0
GUAN,2026-08-08T00:00:00Z,100444.2490234375,300.11425399780273,0.19550000876188278,0,0,0
HARV,2026-08-08T00:00:00Z,98360.8505859375,295.21426010131836,0.27937501296401024,0,0,0
HEAL,2026-08-08T00:00:00Z,94617.0517578125,284.0892562866211,0.18975001201033592,0,0,0
JERC,2026-08-08T00:00:00Z,101139.6494140625,300.91425704956055,0.127750008367002,0,0,0
JORN,2026-08-08T00:00:00Z,86455.25,308.8892631530762,0.14762500301003456,0,0,0
KONA,2026-08-08T00:00:00Z,97031.248046875,297.8142623901367,0.2605000101029873,0,0,0
KONZ,2026-08-08T00:00:00Z,97031.248046875,297.8142623901367,0.2605000101029873,0,0,0
LAJA,2026-08-08T00:00:00Z,100444.2490234375,300.11425399780273,0.19550000876188278,0,0,0
LENO,2026-08-08T00:00:00Z,101092.650390625,300.2642593383789,0.22475001215934753,0,0,0
MLBS,2026-08-08T00:00:00Z,93993.05078125,293.21426010131836,0.27400001138448715,0,0,0
MOAB,2026-08-08T00:00:00Z,80224.650390625,300.92676162719727,0.11750000715255737,0,0,0
NIWO,2026-08-08T00:00:00Z,74719.048828125,291.2892608642578,0.14300000853836536,0,0,0
NOGP,2026-08-08T00:00:00Z,94724.0517578125,295.2517623901367,0.0657500009983778,0,0,0
OAES,2026-08-08T00:00:00Z,95499.8505859375,307.45176696777344,0.0866250041872263,0,0,0
ONAQ,2026-08-08T00:00:00Z,82521.8505859375,304.53925704956055,0.0866250041872263,0,0,0
ORNL,2026-08-08T00:00:00Z,97376.2509765625,295.2142562866211,0.31450001522898674,0,0,0
OSBS,2026-08-08T00:00:00Z,101429.8505859375,300.96426010131836,0.16975000873208046,0,0,0
PUUM,2026-08-08T00:00:00Z,80971.849609375,296.251766204834,0.23100000619888306,0,0,0
RMNP,2026-08-08T00:00:00Z,75156.6513671875,291.2642631530762,0.15912500955164433,0,0,0
SCBI,2026-08-08T00:00:00Z,99184.8486328125,296.4767646789551,0.26762501522898674,0,0,0
SERC,2026-08-08T00:00:00Z,101479.25,NA,NA,NA,NA,0
SJER,2026-08-08T00:00:00Z,94307.6494140625,302.9267578125,0.04687500232830644,0,0,0
SOAP,2026-08-08T00:00:00Z,94307.6494140625,302.9267578125,0.04687500232830644,0,0,0
SRER,2026-08-08T00:00:00Z,90138.8505859375,309.1267623901367,0.16387500800192356,0,0,0
STEI,2026-08-08T00:00:00Z,95845.650390625,292.75175857543945,0.18137500993907452,0,0,0
STER,2026-08-08T00:00:00Z,87263.8486328125,301.8392639160156,0.08412500191479921,0,0,0
TALL,2026-08-08T00:00:00Z,100778.4501953125,300.18925857543945,0.2292500101029873,0,0,0
TEAK,2026-08-08T00:00:00Z,80807.25,295.71426010131836,0.06787500344216824,0,0,0
TOOL,2026-08-08T00:00:00Z,89989.6494140625,283.4017639160156,0.20662501268088818,0,0,0
TREE,2026-08-08T00:00:00Z,95845.650390625,292.75175857543945,0.18137500993907452,0,0,0
UKFS,2026-08-08T00:00:00Z,98194.6494140625,297.86426544189453,0.16162500530481339,0,0,0
UNDE,2026-08-08T00:00:00Z,95479.05078125,291.7767639160156,0.1835000105202198,0,0,0
WOOD,2026-08-08T00:00:00Z,95539.8505859375,294.96426010131836,0.07625000551342964,0,0,0
WREF,2026-08-08T00:00:00Z,92718.25,292.8392562866211,0.1795000061392784,0,0,0
YELL,2026-08-08T00:00:00Z,76702.8486328125,290.15176010131836,0.11062500812113285,0,0,0
ABBY,2026-08-09T00:00:00Z,97010.9375,291.0200080871582,0.1361250076442957,0,0,0
BARR,2026-08-09T00:00:00Z,102418.537109375,NA,NA,0,0,0.14999999105930328
BART,2026-08-09T00:00:00Z,95217.13671875,292.37001037597656,0.2640000097453594,0,0,0
BLAN,2026-08-09T00:00:00Z,99120.537109375,296.98250579833984,0.2602500170469284,0,0,0
BONA,2026-08-09T00:00:00Z,98244.5380859375,284.85750579833984,0.21000000834465027,0,0,0
CLBJ,2026-08-09T00:00:00Z,98134.3369140625,306.5950126647949,0.10375000350177288,0,0,0
CPER,2026-08-09T00:00:00Z,83152.537109375,302.15750885009766,0.07737500313669443,0,0,0
DCFS,2026-08-09T00:00:00Z,95301.3388671875,296.27000427246094,0.07550000306218863,0,0,0
DEJU,2026-08-09T00:00:00Z,96103.138671875,286.0575065612793,0.20000000670552254,0,0,0
DELA,2026-08-09T00:00:00Z,101123.13671875,300.8325080871582,0.17800000309944153,0,0,0
DSNY,2026-08-09T00:00:00Z,101436.138671875,301.75750732421875,0.17000000551342964,0,0,0
GRSM,2026-08-09T00:00:00Z,91905.7373046875,292.27000427246094,0.31812501698732376,0,0,0
GUAN,2026-08-09T00:00:00Z,100422.73828125,300.65750885009766,0.19575000926852226,0,0,0
HARV,2026-08-09T00:00:00Z,98193.3359375,294.79500579833984,0.26375000923871994,0,0,0
HEAL,2026-08-09T00:00:00Z,94719.1376953125,283.68250274658203,0.19262500293552876,0,0,0
JERC,2026-08-09T00:00:00Z,101076.13671875,301.6075096130371,0.11600000597536564,0,0,0
JORN,2026-08-09T00:00:00Z,86392.7373046875,307.507511138916,0.15087500773370266,0,0,0
KONA,2026-08-09T00:00:00Z,96514.5380859375,299.6700096130371,0.22012501023709774,0,0,0
KONZ,2026-08-09T00:00:00Z,96514.5380859375,299.6700096130371,0.22012501023709774,0,0,0
LAJA,2026-08-09T00:00:00Z,100422.73828125,300.65750885009766,0.19575000926852226,0,0,0
LENO,2026-08-09T00:00:00Z,100976.7373046875,300.7950096130371,0.19700001180171967,0,0,0
MLBS,2026-08-09T00:00:00Z,93923.9375,293.5075035095215,0.26737501472234726,0,0,0
MOAB,2026-08-09T00:00:00Z,80076.13671875,301.3575096130371,0.10562500543892384,0,0,0
NIWO,2026-08-09T00:00:00Z,74529.7373046875,291.8575019836426,0.1296250093728304,0,0,0
NOGP,2026-08-09T00:00:00Z,94537.337890625,296.8325080871582,0.07362500205636024,0,0,0
OAES,2026-08-09T00:00:00Z,95375.1376953125,307.8325080871582,0.08450000267475843,0,0,0
ONAQ,2026-08-09T00:00:00Z,82361.537109375,305.2325096130371,0.07975000515580177,0,0,0
ORNL,2026-08-09T00:00:00Z,97274.7373046875,295.75750732421875,0.3225000128149986,0,0,0
OSBS,2026-08-09T00:00:00Z,101438.9384765625,301.4825096130371,0.16700000688433647,0,0,0
PUUM,2026-08-09T00:00:00Z,80981.9384765625,297.0075035095215,0.21975001320242882,0,0,0
RMNP,2026-08-09T00:00:00Z,74975.537109375,291.72000885009766,0.14962500520050526,0,0,0
SCBI,2026-08-09T00:00:00Z,99120.537109375,296.98250579833984,0.2602500170469284,0,0,0
SERC,2026-08-09T00:00:00Z,101362.13671875,NA,NA,NA,NA,0
SJER,2026-08-09T00:00:00Z,94089.3388671875,303.20750427246094,0.04687500232830644,0,0,0
SOAP,2026-08-09T00:00:00Z,94089.3388671875,303.20750427246094,0.04687500232830644,0,0,0
SRER,2026-08-09T00:00:00Z,90059.7373046875,308.7700080871582,0.18100001104176044,0,0,0
STEI,2026-08-09T00:00:00Z,95823.1396484375,291.78250885009766,0.18375001475214958,0,0,0
STER,2026-08-09T00:00:00Z,86940.9384765625,301.13250732421875,0.07962500490248203,0,0,0
TALL,2026-08-09T00:00:00Z,100682.9384765625,300.04500579833984,0.24000001326203346,0,0,0
TEAK,2026-08-09T00:00:00Z,80648.9384765625,295.507511138916,0.06687500141561031,0,0,0
TOOL,2026-08-09T00:00:00Z,90485.138671875,281.5950050354004,0.21900001168251038,0,0,0
TREE,2026-08-09T00:00:00Z,95823.1396484375,291.78250885009766,0.18375001475214958,0,0,0
UKFS,2026-08-09T00:00:00Z,97824.1376953125,298.5450019836426,0.18212500400841236,0,0,0
UNDE,2026-08-09T00:00:00Z,95415.3369140625,291.2450065612793,0.17650000378489494,0,0,0
WOOD,2026-08-09T00:00:00Z,95301.3388671875,296.27000427246094,0.07550000306218863,0,0,0
WREF,2026-08-09T00:00:00Z,92626.53515625,291.8325080871582,0.1738750096410513,0,0,0
YELL,2026-08-09T00:00:00Z,76513.73828125,290.6575012207031,0.10750000458210707,0,0,0
ABBY,2026-08-10T00:00:00Z,96964.8173828125,289.7257537841797,0.13500000536441803,0,0,0
BARR,2026-08-10T00:00:00Z,102702.0166015625,NA,NA,0,0,0.18624999560415745
BART,2026-08-10T00:00:00Z,95443.81640625,292.08824920654297,0.2540000155568123,0,0,0
BLAN,2026-08-10T00:00:00Z,99130.6171875,297.21325302124023,0.24237501248717308,0,0,0
BONA,2026-08-10T00:00:00Z,98178.8173828125,286.2632522583008,0.2062500137835741,0,0,0
CLBJ,2026-08-10T00:00:00Z,98159.615234375,306.5632553100586,0.10250000655651093,0,0,0
CPER,2026-08-10T00:00:00Z,83216.8154296875,300.8257522583008,0.08837500400841236,0,0,0
DCFS,2026-08-10T00:00:00Z,95436.6142578125,295.3757553100586,0.07300000544637442,0,0,0
DEJU,2026-08-10T00:00:00Z,96020.6162109375,286.73825454711914,0.20125000551342964,0,0,0
DELA,2026-08-10T00:00:00Z,101203.615234375,300.38825607299805,0.20850001089274883,0,0,0
DSNY,2026-08-10T00:00:00Z,101574.615234375,302.0382537841797,0.17612500861287117,0,0,0
GRSM,2026-08-10T00:00:00Z,91932.4150390625,291.9257583618164,0.3160000145435333,0,0,0
GUAN,2026-08-10T00:00:00Z,100526.015625,301.1257553100586,0.18962500616908073,0,0,0
HARV,2026-08-10T00:00:00Z,98370.615234375,294.17575454711914,0.274625014513731,0,0,0
HEAL,2026-08-10T00:00:00Z,94647.0146484375,284.40076065063477,0.18950001150369644,0,0,0
JERC,2026-08-10T00:00:00Z,101225.6162109375,301.63825607299805,0.10912500787526369,0,0,0
JORN,2026-08-10T00:00:00Z,86258.0166015625,307.3882598876953,0.135500006377697,0,0,0
KONA,2026-08-10T00:00:00Z,96573.6171875,302.2757568359375,0.17925001122057438,0,0,0
KONZ,2026-08-10T00:00:00Z,96573.6171875,302.2757568359375,0.17925001122057438,0,0,0
LAJA,2026-08-10T00:00:00Z,100526.015625,301.1257553100586,0.18962500616908073,0,0,0
LENO,2026-08-10T00:00:00Z,101077.015625,300.8382568359375,0.18662500753998756,0,0,0
MLBS,2026-08-10T00:00:00Z,93930.615234375,293.8382568359375,0.25600001215934753,0,0,0
MOAB,2026-08-10T00:00:00Z,80093.416015625,300.2132568359375,0.09962500259280205,0,0,0
NIWO,2026-08-10T00:00:00Z,74514.416015625,291.38825607299805,0.1290000081062317,0,0,0
NOGP,2026-08-10T00:00:00Z,94568.6181640625,296.8507614135742,0.0686250040307641,0,0,0
OAES,2026-08-10T00:00:00Z,95371.615234375,307.5757598876953,0.08287500403821468,0,0,0
ONAQ,2026-08-10T00:00:00Z,82328.4169921875,304.25075912475586,0.08362500555813313,0,0,0
ORNL,2026-08-10T00:00:00Z,97332.6162109375,295.7882537841797,0.3225000128149986,0,0,0
OSBS,2026-08-10T00:00:00Z,101575.6171875,302.21326065063477,0.17137500829994678,0,0,0
PUUM,2026-08-10T00:00:00Z,80937.6162109375,297.4382553100586,0.22937501035630703,0,0,0
RMNP,2026-08-10T00:00:00Z,74956.2158203125,290.97575759887695,0.1423750054091215,0,0,0
SCBI,2026-08-10T00:00:00Z,99130.6171875,297.21325302124023,0.24237501248717308,0,0,0
SERC,2026-08-10T00:00:00Z,101389.0166015625,NA,NA,NA,NA,0
SJER,2026-08-10T00:00:00Z,94049.6171875,303.7007598876953,0.046750002540647984,0,0,0
SOAP,2026-08-10T00:00:00Z,94049.6171875,303.7007598876953,0.046750002540647984,0,0,0
SRER,2026-08-10T00:00:00Z,90069.6162109375,309.08825302124023,0.18662501126527786,0,0,0
STEI,2026-08-10T00:00:00Z,95810.615234375,290.6757583618164,0.18650000728666782,0,0,0
STER,2026-08-10T00:00:00Z,87001.81640625,302.83826065063477,0.08375000488013029,0,0,0
TALL,2026-08-10T00:00:00Z,100754.2177734375,300.3257522583008,0.2363750096410513,0,0,0
TEAK,2026-08-10T00:00:00Z,80604.8154296875,295.3757629394531,0.061875002924352884,0,0,0
TOOL,2026-08-10T00:00:00Z,90713.2177734375,280.56325912475586,0.2160000056028366,0,0,0
TREE,2026-08-10T00:00:00Z,95810.615234375,290.6757583618164,0.18650000728666782,0,0,0
UKFS,2026-08-10T00:00:00Z,97734.8173828125,300.55075454711914,0.14625000581145287,0,0,0
UNDE,2026-08-10T00:00:00Z,95453.81640625,291.1507568359375,0.18012500926852226,0,0,0
WOOD,2026-08-10T00:00:00Z,95436.6142578125,295.3757553100586,0.07300000544637442,0,0,0
WREF,2026-08-10T00:00:00Z,92547.81640625,290.53825759887695,0.17037500254809856,0,0,0
YELL,2026-08-10T00:00:00Z,76408.416015625,290.4007568359375,0.10987500660121441,0,0,0
ABBY,2026-08-11T00:00:00Z,97053.796875,288.9835014343262,0.1340000033378601,0,0,0
BARR,2026-08-11T00:00:00Z,102291.798828125,NA,NA,0,0,0.16249999776482582
BART,2026-08-11T00:00:00Z,94929.798828125,291.8460006713867,0.2541250213980675,0,0,0
BLAN,2026-08-11T00:00:00Z,98911.9970703125,296.908504486084,0.23775000870227814,0,0,0
BONA,2026-08-11T00:00:00Z,97965.798828125,286.5084991455078,0.2048750128597021,0,0,0
CLBJ,2026-08-11T00:00:00Z,98191.1982421875,306.42100524902344,0.10250000655651093,0,0,0
CPER,2026-08-11T00:00:00Z,83213.7978515625,300.62099838256836,0.07875000406056643,0,0,0
DCFS,2026-08-11T00:00:00Z,95374.9970703125,295.9085006713867,0.07300000358372927,0,0,0
DEJU,2026-08-11T00:00:00Z,95827.798828125,286.783504486084,0.20312500931322575,0,0,0
DELA,2026-08-11T00:00:00Z,101248.197265625,301.1835021972656,0.19437500648200512,0,0,0
DSNY,2026-08-11T00:00:00Z,101569.798828125,302.6210021972656,0.1711250077933073,0,0,0
GRSM,2026-08-11T00:00:00Z,91889.7998046875,293.20850372314453,0.2996250204741955,0,0,0
GUAN,2026-08-11T00:00:00Z,100508.798828125,301.4835014343262,0.1855000127106905,0,0,0
HARV,2026-08-11T00:00:00Z,97911.1982421875,293.92100524902344,0.264125008136034,0,0,0
HEAL,2026-08-11T00:00:00Z,94438.3974609375,284.8085021972656,0.18900001049041748,0,0,0
JERC,2026-08-11T00:00:00Z,101220.59765625,302.8085021972656,0.10125000588595867,0,0,0
JORN,2026-08-11T00:00:00Z,86192.3994140625,308.0585060119629,0.12175000738352537,0,0,0
KONA,2026-08-11T00:00:00Z,96588.59765625,302.2960090637207,0.1652500107884407,0,0,0
KONZ,2026-08-11T00:00:00Z,96588.59765625,302.2960090637207,0.1652500107884407,0,0,0
LAJA,2026-08-11T00:00:00Z,100508.798828125,301.4835014343262,0.1855000127106905,0,0,0
LENO,2026-08-11T00:00:00Z,101131.19921875,301.33350372314453,0.21887501142919064,0,0,0
MLBS,2026-08-11T00:00:00Z,93797.19921875,294.5335006713867,0.24437500722706318,0,0,0
MOAB,2026-08-11T00:00:00Z,80123.798828125,300.3585014343262,0.10762500483542681,0,0,0
NIWO,2026-08-11T00:00:00Z,74554.5966796875,291.0460014343262,0.12337500602006912,0,0,0
NOGP,2026-08-11T00:00:00Z,94562.1982421875,296.471004486084,0.10400000587105751,0,0,0
OAES,2026-08-11T00:00:00Z,95399.7978515625,307.471004486084,0.08287500403821468,0,0,0
ONAQ,2026-08-11T00:00:00Z,82380.998046875,303.5335006713867,0.08437500335276127,0,0,0
ORNL,2026-08-11T00:00:00Z,97253.998046875,296.5335006713867,0.30162501335144043,0,0,0
OSBS,2026-08-11T00:00:00Z,101562.19921875,302.39599609375,0.15862500853836536,0,0,0
PUUM,2026-08-11T00:00:00Z,80848.798828125,296.4960021972656,0.26637501269578934,0,0,0
RMNP,2026-08-11T00:00:00Z,74992.9990234375,290.60850524902344,0.13875001296401024,0,0,0
SCBI,2026-08-11T00:00:00Z,98911.9970703125,296.908504486084,0.23775000870227814,0,0,0
SERC,2026-08-11T00:00:00Z,101178.59765625,NA,NA,NA,NA,0
SJER,2026-08-11T00:00:00Z,94218.7978515625,303.346004486084,0.04687500232830644,0,0,0
SOAP,2026-08-11T00:00:00Z,94218.7978515625,303.346004486084,0.04687500232830644,0,0,0
SRER,2026-08-11T00:00:00Z,90210.998046875,305.5085029602051,0.16400000639259815,0,0,0
STEI,2026-08-11T00:00:00Z,95865.3984375,292.62099838256836,0.17775000259280205,0,0,0
STER,2026-08-11T00:00:00Z,87007.3994140625,302.158504486084,0.08075000159442425,0,0,0
TALL,2026-08-11T00:00:00Z,100786.9990234375,300.8210029602051,0.24937501177191734,0,0,0
TEAK,2026-08-11T00:00:00Z,80675.7978515625,294.72100830078125,0.06400000303983688,0,0,0
TOOL,2026-08-11T00:00:00Z,90381.7978515625,279.89599990844727,0.21325001493096352,0,0,0
TREE,2026-08-11T00:00:00Z,95865.3984375,292.62099838256836,0.17775000259280205,0,0,0
UKFS,2026-08-11T00:00:00Z,97791.796875,301.48350524902344,0.13375000655651093,0,0,0
UNDE,2026-08-11T00:00:00Z,95492.798828125,292.12100982666016,0.1723750066012144,0,0,0
WOOD,2026-08-11T00:00:00Z,95374.9970703125,295.9085006713867,0.07300000358372927,0,0,0
WREF,2026-08-11T00:00:00Z,92648.9990234375,289.8710021972656,0.1705000028014183,0,0,0
YELL,2026-08-11T00:00:00Z,76495.998046875,290.1960029602051,0.09862500615417957,0,0,0
ABBY,2026-08-12T00:00:00Z,96899.3623046875,289.2872657775879,0.1342500038444996,0,0,0
BARR,2026-08-12T00:00:00Z,102195.162109375,NA,NA,0,0,0.10999999940395355
BART,2026-08-12T00:00:00Z,94913.162109375,290.9872589111328,0.2501250132918358,0,0,0
BLAN,2026-08-12T00:00:00Z,98690.7626953125,296.6497573852539,0.2342500127851963,0,0,0
BONA,2026-08-12T00:00:00Z,98151.7607421875,286.9872627258301,0.20375001057982445,0,0,0
CLBJ,2026-08-12T00:00:00Z,97918.5615234375,307.012264251709,0.10200000554323196,0,0,0
CPER,2026-08-12T00:00:00Z,83026.162109375,300.37477111816406,0.08037500455975533,0,0,0
DCFS,2026-08-12T00:00:00Z,95277.5615234375,296.7997627258301,0.09350000508129597,0,0,0
DEJU,2026-08-12T00:00:00Z,96034.9619140625,287.8622627258301,0.20100000500679016,0,0,0
DELA,2026-08-12T00:00:00Z,100987.560546875,301.47476959228516,0.1985000055283308,0,0,0
DSNY,2026-08-12T00:00:00Z,101317.5625,303.02476501464844,0.16625000722706318,0,0,0
GRSM,2026-08-12T00:00:00Z,91605.76171875,293.82476806640625,0.3043750114738941,0,0,0
GUAN,2026-08-12T00:00:00Z,100388.3623046875,301.2247657775879,0.1918750088661909,0,0,0
HARV,2026-08-12T00:00:00Z,97811.76171875,293.3747673034668,0.25087500736117363,0,0,0
HEAL,2026-08-12T00:00:00Z,94639.962890625,285.62476348876953,0.1881250087171793,0,0,0
JERC,2026-08-12T00:00:00Z,100945.560546875,302.9122657775879,0.09262500330805779,0,0,0
JORN,2026-08-12T00:00:00Z,86118.76171875,308.0872573852539,0.12575000245124102,0,0,0
KONA,2026-08-12T00:00:00Z,96302.9609375,302.7247657775879,0.16887500509619713,0,0,0
KONZ,2026-08-12T00:00:00Z,96302.9609375,302.7247657775879,0.16887500509619713,0,0,0
LAJA,2026-08-12T00:00:00Z,100388.3623046875,301.2247657775879,0.1918750088661909,0,0,0
LENO,2026-08-12T00:00:00Z,100885.9619140625,301.2997627258301,0.2231250088661909,0,0,0
MLBS,2026-08-12T00:00:00Z,93485.361328125,294.32476806640625,0.24262501299381256,0,0,0
MOAB,2026-08-12T00:00:00Z,79900.9619140625,298.199764251709,0.11512500327080488,0,0,0
NIWO,2026-08-12T00:00:00Z,74343.7626953125,290.72476959228516,0.12800000607967377,0,0,0
NOGP,2026-08-12T00:00:00Z,94444.9599609375,297.9122619628906,0.12225000560283661,0,0,0
OAES,2026-08-12T00:00:00Z,95131.7607421875,307.46226501464844,0.08287500403821468,0,0,0
ONAQ,2026-08-12T00:00:00Z,82231.361328125,302.88726806640625,0.0852500032633543,0,0,0
ORNL,2026-08-12T00:00:00Z,96951.7607421875,297.1497688293457,0.31037501990795135,0,0,0
OSBS,2026-08-12T00:00:00Z,101272.9619140625,303.0997657775879,0.15200000628829002,0,0,0
PUUM,2026-08-12T00:00:00Z,80845.1611328125,296.37477111816406,0.251250009983778,0,0,0
RMNP,2026-08-12T00:00:00Z,74786.7626953125,290.23726654052734,0.14712500385940075,0,0,0
SCBI,2026-08-12T00:00:00Z,98690.7626953125,296.6497573852539,0.2342500127851963,0,0,0
SERC,2026-08-12T00:00:00Z,100922.5615234375,NA,NA,NA,NA,0
SJER,2026-08-12T00:00:00Z,94129.962890625,302.46226501464844,0.047500002197921276,0,0,0
SOAP,2026-08-12T00:00:00Z,94129.962890625,302.46226501464844,0.047500002197921276,0,0,0
SRER,2026-08-12T00:00:00Z,90084.7607421875,307.0372619628906,0.15437500551342964,0,0,0
STEI,2026-08-12T00:00:00Z,95657.162109375,293.83727264404297,0.17725000344216824,0,0,0
STER,2026-08-12T00:00:00Z,86792.1630859375,303.4622688293457,0.0722500029951334,0,0,0
TALL,2026-08-12T00:00:00Z,100518.5625,300.99977111816406,0.2180000115185976,0,0,0
TEAK,2026-08-12T00:00:00Z,80499.7607421875,293.4247627258301,0.06599999964237213,0,0,0
TOOL,2026-08-12T00:00:00Z,90380.9619140625,282.7872619628906,0.19700001180171967,0,0,0
TREE,2026-08-12T00:00:00Z,95657.162109375,293.83727264404297,0.17725000344216824,0,0,0
UKFS,2026-08-12T00:00:00Z,97507.162109375,302.44976806640625,0.11550000589340925,0,0,0
UNDE,2026-08-12T00:00:00Z,95320.162109375,292.7497673034668,0.17900000512599945,0,0,0
WOOD,2026-08-12T00:00:00Z,95277.5615234375,296.7997627258301,0.09350000508129597,0,0,0
WREF,2026-08-12T00:00:00Z,92512.7607421875,289.72476959228516,0.16925000958144665,0,0,0
YELL,2026-08-12T00:00:00Z,76356.76171875,290.56226348876953,0.09425000473856926,0,0,0
ABBY,2026-08-13T00:00:00Z,96483.7333984375,289.2531433105469,0.1308750119060278,0,0,0
BARR,2026-08-13T00:00:00Z,102048.1328125,NA,NA,0,0,0.09249999653548002
BART,2026-08-13T00:00:00Z,94865.9345703125,289.99065017700195,0.25037501007318497,0,0,0
BLAN,2026-08-13T00:00:00Z,98696.7333984375,296.3781509399414,0.23525001481175423,0,0,0
BONA,2026-08-13T00:00:00Z,98064.7333984375,288.1906509399414,0.19887501560151577,0,0,0
CLBJ,2026-08-13T00:00:00Z,97762.333984375,307.5781478881836,0.10200000554323196,0,0,0
CPER,2026-08-13T00:00:00Z,83037.7333984375,297.9781494140625,0.09762500412762165,0,0,0
DCFS,2026-08-13T00:00:00Z,95556.1328125,296.66564559936523,0.08625000528991222,0,0,0
DEJU,2026-08-13T00:00:00Z,95960.734375,289.15314865112305,0.18925001099705696,0,0,0
DELA,2026-08-13T00:00:00Z,100856.333984375,301.8156509399414,0.18587500602006912,0,0,0
DSNY,2026-08-13T00:00:00Z,101237.7333984375,302.54064178466797,0.16700000315904617,0,0,0
GRSM,2026-08-13T00:00:00Z,91536.333984375,293.8531494140625,0.303125012665987,0,0,0
GUAN,2026-08-13T00:00:00Z,100452.7333984375,301.3406524658203,0.20300001092255116,0,0,0
HARV,2026-08-13T00:00:00Z,97790.333984375,293.0156555175781,0.25212500989437103,0,0,0
HEAL,2026-08-13T00:00:00Z,94556.7333984375,286.20315170288086,0.1860000044107437,0,0,0
JERC,2026-08-13T00:00:00Z,100845.732421875,302.6406478881836,0.08350000437349081,0,0,0
JORN,2026-08-13T00:00:00Z,86061.9345703125,305.4906463623047,0.1310000065714121,0,0,0
KONA,2026-08-13T00:00:00Z,96172.3330078125,303.25314712524414,0.15400000475347042,0,0,0
KONZ,2026-08-13T00:00:00Z,96172.3330078125,303.25314712524414,0.15400000475347042,0,0,0
LAJA,2026-08-13T00:00:00Z,100452.7333984375,301.3406524658203,0.20300001092255116,0,0,0
LENO,2026-08-13T00:00:00Z,100750.1337890625,301.74065017700195,0.21525000780820847,0,0,0
MLBS,2026-08-13T00:00:00Z,93510.53515625,293.3156509399414,0.2555000111460686,0,0,0
MOAB,2026-08-13T00:00:00Z,79713.1318359375,296.25314712524414,0.149750005453825,0,0,0
NIWO,2026-08-13T00:00:00Z,74165.1318359375,288.1031494140625,0.18775000981986523,0,0,0
NOGP,2026-08-13T00:00:00Z,94733.93359375,295.55315017700195,0.1280000051483512,0,0,0
OAES,2026-08-13T00:00:00Z,94915.1328125,308.0531425476074,0.08275000378489494,0,0,0
ONAQ,2026-08-13T00:00:00Z,81960.93359375,300.5156478881836,0.0946250045672059,0,0,0
ORNL,2026-08-13T00:00:00Z,96888.93359375,296.7781448364258,0.3096250109374523,0,0,0
OSBS,2026-08-13T00:00:00Z,101204.1337890625,302.8656463623047,0.1508750095963478,0,0,0
PUUM,2026-08-13T00:00:00Z,80843.93359375,296.89065170288086,0.19975000992417336,0,0,0
RMNP,2026-08-13T00:00:00Z,74606.3349609375,288.41565322875977,0.22112501226365566,0,0,0
SCBI,2026-08-13T00:00:00Z,98696.7333984375,296.3781509399414,0.23525001481175423,0,0,0
SERC,2026-08-13T00:00:00Z,100943.1337890625,NA,NA,NA,NA,0
SJER,2026-08-13T00:00:00Z,93943.5341796875,300.19064712524414,0.07962500303983688,0,0,0
SOAP,2026-08-13T00:00:00Z,93943.5341796875,300.19064712524414,0.07962500303983688,0,0,0
SRER,2026-08-13T00:00:00Z,89983.734375,303.90314865112305,0.2162500098347664,0,0,0
STEI,2026-08-13T00:00:00Z,95880.734375,293.74065017700195,0.17662500403821468,0,0,0
STER,2026-08-13T00:00:00Z,86837.5341796875,300.4031524658203,0.08937500324100256,0,0,0
TALL,2026-08-13T00:00:00Z,100398.3330078125,301.1656494140625,0.23862501047551632,0,0,0
TEAK,2026-08-13T00:00:00Z,80230.5322265625,291.6406478881836,0.07337500248104334,0,0,0
TOOL,2026-08-13T00:00:00Z,90494.7333984375,284.54064559936523,0.20275000855326653,0,0,0
TREE,2026-08-13T00:00:00Z,95880.734375,293.74065017700195,0.17662500403821468,0,0,0
UKFS,2026-08-13T00:00:00Z,97419.333984375,301.62814712524414,0.13737500458955765,0,0,0
UNDE,2026-08-13T00:00:00Z,95527.1337890625,292.6531524658203,0.16575000807642937,0,0,0
WOOD,2026-08-13T00:00:00Z,95556.1328125,296.66564559936523,0.08625000528991222,0,0,0
WREF,2026-08-13T00:00:00Z,92133.134765625,289.2656478881836,0.16600000858306885,0,0,0
YELL,2026-08-13T00:00:00Z,76206.7333984375,288.54064178466797,0.09550000261515379,0,0,0
ABBY,2026-08-14T00:00:00Z,96525.6748046875,289.76831817626953,0.13100001215934753,0,0,0
BARR,2026-08-14T00:00:00Z,101719.07421875,NA,NA,NA,NA,0
BART,2026-08-14T00:00:00Z,95421.8759765625,289.2558174133301,0.2422500140964985,0,0,0
BLAN,2026-08-14T00:00:00Z,99137.0751953125,296.7808151245117,0.24312501028180122,0,0,0
BONA,2026-08-14T00:00:00Z,97815.6748046875,289.0433158874512,0.19662501104176044,0,0,0
CLBJ,2026-08-14T00:00:00Z,98048.2744140625,307.5058174133301,0.10200000554323196,0,0,0
CPER,2026-08-14T00:00:00Z,83292.673828125,296.1058158874512,0.20262501202523708,0,0,0
DCFS,2026-08-14T00:00:00Z,95824.67578125,295.4433135986328,0.08287500403821468,0,0,0
DEJU,2026-08-14T00:00:00Z,95742.2763671875,289.905818939209,0.1915000081062317,0,0,0
DELA,2026-08-14T00:00:00Z,101154.07421875,302.4433174133301,0.17375000938773155,0,0,0
DSNY,2026-08-14T00:00:00Z,101496.4755859375,302.9933204650879,0.16687500849366188,0,0,0
GRSM,2026-08-14T00:00:00Z,91873.67578125,294.16831970214844,0.3072500117123127,0,0,0
GUAN,2026-08-14T00:00:00Z,100652.6767578125,301.53082275390625,0.18525000661611557,0,0,0
HARV,2026-08-14T00:00:00Z,98395.076171875,292.6308135986328,0.2578750066459179,0,0,0
HEAL,2026-08-14T00:00:00Z,94422.0751953125,286.64331817626953,0.18375001475214958,0,0,0
JERC,2026-08-14T00:00:00Z,101125.0751953125,303.2058219909668,0.10262500587850809,0,0,0
JORN,2026-08-14T00:00:00Z,86272.4765625,304.4808158874512,0.12537500262260437,0,0,0
KONA,2026-08-14T00:00:00Z,96533.4765625,303.280818939209,0.1541250068694353,0,0,0
KONZ,2026-08-14T00:00:00Z,96533.4765625,303.280818939209,0.1541250068694353,0,0,0
LAJA,2026-08-14T00:00:00Z,100652.6767578125,301.53082275390625,0.18525000661611557,0,0,0
LENO,2026-08-14T00:00:00Z,101039.2763671875,302.1058158874512,0.1957500111311674,0,0,0
MLBS,2026-08-14T00:00:00Z,93820.8759765625,294.04331970214844,0.2498750127851963,0,0,0
MOAB,2026-08-14T00:00:00Z,79992.4765625,295.218318939209,0.1736250091344118,0,0,0
NIWO,2026-08-14T00:00:00Z,74382.27734375,286.6683158874512,0.25400001369416714,0,0,0
NOGP,2026-08-14T00:00:00Z,94915.6767578125,295.1058158874512,0.15037500858306885,0,0,0
OAES,2026-08-14T00:00:00Z,95184.67578125,308.3808174133301,0.08275000378489494,0,0,0
ONAQ,2026-08-14T00:00:00Z,82256.875,297.93081283569336,0.10925000533461571,0,0,0
ORNL,2026-08-14T00:00:00Z,97217.474609375,297.5058174133301,0.29350000992417336,0,0,0
OSBS,2026-08-14T00:00:00Z,101467.275390625,302.9058151245117,0.15737500600516796,0,0,0
PUUM,2026-08-14T00:00:00Z,80765.2763671875,296.2308120727539,0.1990000121295452,0,0,0
RMNP,2026-08-14T00:00:00Z,74834.076171875,286.95581817626953,0.23037500865757465,0,0,0
SCBI,2026-08-14T00:00:00Z,99137.0751953125,296.7808151245117,0.24312501028180122,0,0,0
SERC,2026-08-14T00:00:00Z,101407.474609375,NA,NA,NA,NA,0
SJER,2026-08-14T00:00:00Z,94236.6767578125,298.7058219909668,0.09212500508874655,0,0,0
SOAP,2026-08-14T00:00:00Z,94236.6767578125,298.7058219909668,0.09212500508874655,0,0,0
SRER,2026-08-14T00:00:00Z,90175.4775390625,302.79331970214844,0.23137501068413258,0,0,0
STEI,2026-08-14T00:00:00Z,96395.67578125,293.018310546875,0.17162500508129597,0,0,0
STER,2026-08-14T00:00:00Z,87205.2763671875,297.7808151245117,0.19575000926852226,0,0,0
TALL,2026-08-14T00:00:00Z,100695.474609375,301.69332122802734,0.2316250093281269,0,0,0
TEAK,2026-08-14T00:00:00Z,80385.474609375,289.6683158874512,0.10775000508874655,0,0,0
TOOL,2026-08-14T00:00:00Z,90162.076171875,286.28082275390625,0.19787501357495785,0,0,0
TREE,2026-08-14T00:00:00Z,96395.67578125,293.018310546875,0.17162500508129597,0,0,0
UKFS,2026-08-14T00:00:00Z,97714.2763671875,302.2558174133301,0.12325000483542681,0,0,0
UNDE,2026-08-14T00:00:00Z,96056.4755859375,292.19332122802734,0.162625003606081,0,0,0
WOOD,2026-08-14T00:00:00Z,95824.67578125,295.4433135986328,0.08287500403821468,0,0,0
WREF,2026-08-14T00:00:00Z,92209.67578125,289.84331130981445,0.1646250057965517,0,0,0
YELL,2026-08-14T00:00:00Z,76347.67578125,286.24331283569336,0.17887501046061516,0,0,0
ABBY,2026-08-15T00:00:00Z,96973.3837890625,289.8872604370117,0.13100001215934753,0,0,0
BARR,2026-08-15T00:00:00Z,101527.783203125,NA,NA,NA,NA,0
BART,2026-08-15T00:00:00Z,95911.3828125,288.56225967407227,0.2432500161230564,0,0,0
BLAN,2026-08-15T00:00:00Z,99417.3818359375,296.1247673034668,0.2501250095665455,0,0,0
BONA,2026-08-15T00:00:00Z,97631.982421875,288.6872673034668,0.1973750125616789,0,0,0
CLBJ,2026-08-15T00:00:00Z,98339.181640625,307.12475967407227,0.1021250057965517,0,0,0
CPER,2026-08-15T00:00:00Z,83628.7841796875,296.0247611999512,0.2393750101327896,0,0,0
DCFS,2026-08-15T00:00:00Z,95601.5830078125,292.68726348876953,0.17500000819563866,0,0,0
DEJU,2026-08-15T00:00:00Z,95546.583984375,290.07476806640625,0.20737500488758087,0,0,0
DELA,2026-08-15T00:00:00Z,101317.982421875,302.79976654052734,0.1632500048726797,0,0,0
DSNY,2026-08-15T00:00:00Z,101638.9833984375,302.5497627258301,0.17712500877678394,0,0,0
GRSM,2026-08-15T00:00:00Z,92022.783203125,294.6497611999512,0.2956250160932541,0,0,0
GUAN,2026-08-15T00:00:00Z,100513.3837890625,301.7122688293457,0.1680000051856041,0,0,0
HARV,2026-08-15T00:00:00Z,98839.181640625,291.37477111816406,0.2522500157356262,0,0,0
HEAL,2026-08-15T00:00:00Z,94133.5830078125,286.9747619628906,0.19450001046061516,0,0,0
JERC,2026-08-15T00:00:00Z,101236.7822265625,303.3497657775879,0.10937500558793545,0,0,0
JORN,2026-08-15T00:00:00Z,86461.181640625,306.69976806640625,0.1246250020340085,0,0,0
KONA,2026-08-15T00:00:00Z,96852.9833984375,302.67476654052734,0.16137500666081905,0,0,0
KONZ,2026-08-15T00:00:00Z,96852.9833984375,302.67476654052734,0.16137500666081905,0,0,0
LAJA,2026-08-15T00:00:00Z,100513.3837890625,301.7122688293457,0.1680000051856041,0,0,0
LENO,2026-08-15T00:00:00Z,101199.3837890625,302.62476348876953,0.18687500804662704,0,0,0
MLBS,2026-08-15T00:00:00Z,94021.9833984375,294.6872673034668,0.2613750100135803,0,0,0
MOAB,2026-08-15T00:00:00Z,80385.9833984375,293.7247619628906,0.19362500868737698,0,0,0
NIWO,2026-08-15T00:00:00Z,74711.982421875,286.8622703552246,0.2408750131726265,0,0,0
NOGP,2026-08-15T00:00:00Z,94884.982421875,292.12476348876953,0.20150001160800457,0,0,0
OAES,2026-08-15T00:00:00Z,95544.58203125,307.8372688293457,0.08287500403821468,0,0,0
ONAQ,2026-08-15T00:00:00Z,82682.783203125,296.5372619628906,0.09962500259280205,0,0,0
ORNL,2026-08-15T00:00:00Z,97390.3828125,297.77476501464844,0.29500000923871994,0,0,0
OSBS,2026-08-15T00:00:00Z,101635.1826171875,302.31226348876953,0.1556250061839819,0,0,0
PUUM,2026-08-15T00:00:00Z,80531.583984375,292.7872619628906,0.3032500110566616,0,0,0
RMNP,2026-08-15T00:00:00Z,75150.3828125,287.762264251709,0.22487501055002213,0,0,0
SCBI,2026-08-15T00:00:00Z,99417.3818359375,296.1247673034668,0.2501250095665455,0,0,0
SERC,2026-08-15T00:00:00Z,101704.783203125,NA,NA,NA,NA,0
SJER,2026-08-15T00:00:00Z,94507.3828125,297.83726501464844,0.08275000378489494,0,0,0
SOAP,2026-08-15T00:00:00Z,94507.3828125,297.83726501464844,0.08275000378489494,0,0,0
SRER,2026-08-15T00:00:00Z,90310.3828125,306.0872688293457,0.19650000892579556,0,0,0
STEI,2026-08-15T00:00:00Z,96468.783203125,292.574764251709,0.1665000095963478,0,0,0
STER,2026-08-15T00:00:00Z,87483.1845703125,298.53726959228516,0.20712500996887684,0,0,0
TALL,2026-08-15T00:00:00Z,100862.3828125,302.4622611999512,0.21612501330673695,0,0,0
TEAK,2026-08-15T00:00:00Z,80646.3828125,289.387264251709,0.11862500384449959,0,0,0
TOOL,2026-08-15T00:00:00Z,90056.7822265625,284.262264251709,0.20462501235306263,0,0,0
TREE,2026-08-15T00:00:00Z,96468.783203125,292.574764251709,0.1665000095963478,0,0,0
UKFS,2026-08-15T00:00:00Z,98048.1826171875,301.2872657775879,0.15475000627338886,0,0,0
UNDE,2026-08-15T00:00:00Z,96117.783203125,291.94976806640625,0.15950001031160355,0,0,0
WOOD,2026-08-15T00:00:00Z,95601.5830078125,292.68726348876953,0.17500000819563866,0,0,0
WREF,2026-08-15T00:00:00Z,92607.3828125,290.5997619628906,0.1661250088363886,0,0,0
YELL,2026-08-15T00:00:00Z,76775.7841796875,285.31226348876953,0.20325001142919064,0,0,0
ABBY,2026-08-16T00:00:00Z,97315.744140625,289.1670227050781,0.13199999928474426,0,0,0
BARR,2026-08-16T00:00:00Z,101085.744140625,NA,NA,NA,NA,0
BART,2026-08-16T00:00:00Z,95908.7451171875,288.0545196533203,0.23862500861287117,0,0,0
BLAN,2026-08-16T00:00:00Z,99206.9453125,296.09202575683594,0.23550001345574856,0,0,0
BONA,2026-08-16T00:00:00Z,97188.744140625,288.81702423095703,0.19562500901520252,0,0,0
CLBJ,2026-08-16T00:00:00Z,98400.5439453125,307.42952728271484,0.1021250057965517,0,0,0
CPER,2026-08-16T00:00:00Z,83872.3447265625,294.3045196533203,0.25850000977516174,0,0,0
DCFS,2026-08-16T00:00:00Z,96052.943359375,292.50452423095703,0.16012500412762165,0,0,0
DEJU,2026-08-16T00:00:00Z,95176.7451171875,288.1170196533203,0.22075001150369644,0,0,0
DELA,2026-08-16T00:00:00Z,101242.544921875,303.1420211791992,0.1671250108629465,0,0,0
DSNY,2026-08-16T00:00:00Z,101532.1455078125,303.1795234680176,0.16175000555813313,0,0,0
GRSM,2026-08-16T00:00:00Z,91944.345703125,294.7170219421387,0.2928750105202198,0,0,0
GUAN,2026-08-16T00:00:00Z,100394.5439453125,302.39201736450195,0.15600000694394112,0,0,0
HARV,2026-08-16T00:00:00Z,98836.5439453125,290.8545265197754,0.2390000093728304,0,0,0
HEAL,2026-08-16T00:00:00Z,93671.7431640625,286.7420196533203,0.19362500496208668,0,0,0
JERC,2026-08-16T00:00:00Z,101173.3447265625,302.9670219421387,0.15075000748038292,0,0,0
JORN,2026-08-16T00:00:00Z,86519.744140625,307.56702041625977,0.12700000405311584,0,0,0
KONA,2026-08-16T00:00:00Z,97199.1455078125,299.9920196533203,0.25712501257658005,0,0,0
KONZ,2026-08-16T00:00:00Z,97199.1455078125,299.9920196533203,0.25712501257658005,0,0,0
LAJA,2026-08-16T00:00:00Z,100394.5439453125,302.39201736450195,0.15600000694394112,0,0,0
LENO,2026-08-16T00:00:00Z,101127.7451171875,302.8670234680176,0.19312500767409801,0,0,0
MLBS,2026-08-16T00:00:00Z,93903.9453125,294.6420211791992,0.28950001671910286,0,0,0
MOAB,2026-08-16T00:00:00Z,80485.3447265625,296.02952575683594,0.17575000412762165,0,0,0
NIWO,2026-08-16T00:00:00Z,74904.5439453125,286.87952041625977,0.22875001095235348,0,0,0
NOGP,2026-08-16T00:00:00Z,95332.34375,293.7670249938965,0.16562500968575478,0,0,0
OAES,2026-08-16T00:00:00Z,95648.7451171875,307.64201736450195,0.08287500403821468,0,0,0
ONAQ,2026-08-16T00:00:00Z,82801.3447265625,299.2795181274414,0.10137500520795584,0,0,0
ORNL,2026-08-16T00:00:00Z,97285.7451171875,298.3545265197754,0.28937501087784767,0,0,0
OSBS,2026-08-16T00:00:00Z,101498.544921875,303.35451889038086,0.14100000634789467,0,0,0
PUUM,2026-08-16T00:00:00Z,80495.34375,289.50452041625977,0.4047500193119049,0,0,0
RMNP,2026-08-16T00:00:00Z,75356.9453125,287.09202575683594,0.22812501154839993,0,0,0
SCBI,2026-08-16T00:00:00Z,99206.9453125,296.09202575683594,0.23550001345574856,0,0,0
SERC,2026-08-16T00:00:00Z,101642.3447265625,NA,NA,NA,NA,0
SJER,2026-08-16T00:00:00Z,94648.3447265625,298.1170234680176,0.0706250024959445,0,0,0
SOAP,2026-08-16T00:00:00Z,94648.3447265625,298.1170234680176,0.0706250024959445,0,0,0
SRER,2026-08-16T00:00:00Z,90350.5439453125,306.1420211791992,0.17587500624358654,0,0,0
STEI,2026-08-16T00:00:00Z,95918.3427734375,293.00452041625977,0.167375011369586,0,0,0
STER,2026-08-16T00:00:00Z,87832.9443359375,297.4420280456543,0.21487501077353954,0,0,0
TALL,2026-08-16T00:00:00Z,100788.7451171875,302.6795234680176,0.20025000721216202,0,0,0
TEAK,2026-08-16T00:00:00Z,80846.14453125,290.0295219421387,0.10600000619888306,0,0,0
TOOL,2026-08-16T00:00:00Z,89621.345703125,286.50452041625977,0.19175000488758087,0,0,0
TREE,2026-08-16T00:00:00Z,95918.3427734375,293.00452041625977,0.167375011369586,0,0,0
UKFS,2026-08-16T00:00:00Z,98240.943359375,300.1045265197754,0.1316250041127205,0,0,0
UNDE,2026-08-16T00:00:00Z,95545.9443359375,292.5795211791992,0.16387500427663326,0,0,0
WOOD,2026-08-16T00:00:00Z,96052.943359375,292.50452423095703,0.16012500412762165,0,0,0
WREF,2026-08-16T00:00:00Z,92922.7451171875,289.9920234680176,0.1655000075697899,0,0,0
YELL,2026-08-16T00:00:00Z,76940.1435546875,286.62952423095703,0.19562501087784767,0,0,0
ABBY,2026-08-17T00:00:00Z,97181.3583984375,289.6727714538574,0.1277500055730343,0,0,0
BARR,2026-08-17T00:00:00Z,100554.55859375,NA,NA,NA,NA,0
BART,2026-08-17T00:00:00Z,95159.359375,288.34777450561523,0.23800000920891762,0,0,0
BLAN,2026-08-17T00:00:00Z,98598.1572265625,296.41027450561523,0.2518750112503767,0,0,0
BONA,2026-08-17T00:00:00Z,96126.5576171875,288.28527450561523,0.19487500749528408,0,0,0
CLBJ,2026-08-17T00:00:00Z,98320.7587890625,308.1102752685547,0.10237500630319118,0,0,0
CPER,2026-08-17T00:00:00Z,83723.1591796875,295.84777450561523,0.23200001195073128,0,0,0
DCFS,2026-08-17T00:00:00Z,95702.7578125,294.2602729797363,0.09637500438839197,0,0,0
DEJU,2026-08-17T00:00:00Z,94178.9609375,288.3352737426758,0.19237500615417957,0,0,0
DELA,2026-08-17T00:00:00Z,101008.5576171875,302.72277069091797,0.15075000748038292,0,0,0
DSNY,2026-08-17T00:00:00Z,101358.359375,303.4852714538574,0.16125000827014446,0,0,0
GRSM,2026-08-17T00:00:00Z,91651.3583984375,294.91027069091797,0.28200001642107964,0,0,0
GUAN,2026-08-17T00:00:00Z,100397.55859375,301.98526763916016,0.1573750078678131,0,0,0
HARV,2026-08-17T00:00:00Z,98135.158203125,291.47277450561523,0.2302500084042549,0,0,0
HEAL,2026-08-17T00:00:00Z,92654.958984375,286.2352714538574,0.1862500086426735,0,0,0
JERC,2026-08-17T00:00:00Z,100948.7578125,303.5852699279785,0.11512500699609518,0,0,0
JORN,2026-08-17T00:00:00Z,86642.55859375,303.5852699279785,0.15787500888109207,0,0,0
KONA,2026-08-17T00:00:00Z,97388.5595703125,298.7477722167969,0.1977500058710575,0,0,0
KONZ,2026-08-17T00:00:00Z,97388.5595703125,298.7477722167969,0.1977500058710575,0,0,0
LAJA,2026-08-17T00:00:00Z,100397.55859375,301.98526763916016,0.1573750078678131,0,0,0
LENO,2026-08-17T00:00:00Z,100912.7587890625,302.3352699279785,0.19225000590085983,0,0,0
MLBS,2026-08-17T00:00:00Z,93517.5595703125,294.78527069091797,0.2867500074207783,0,0,0
MOAB,2026-08-17T00:00:00Z,80412.9599609375,297.7102699279785,0.1445000097155571,0,0,0
NIWO,2026-08-17T00:00:00Z,74853.759765625,288.0852813720703,0.2187500074505806,0,0,0
NOGP,2026-08-17T00:00:00Z,94906.7578125,295.51026916503906,0.16187500394880772,0,0,0
OAES,2026-08-17T00:00:00Z,95801.958984375,306.3102798461914,0.10687500610947609,0,0,0
ONAQ,2026-08-17T00:00:00Z,82676.3583984375,300.6852722167969,0.1310000028461218,0,0,0
ORNL,2026-08-17T00:00:00Z,96953.7587890625,298.7727737426758,0.2811250127851963,0,0,0
OSBS,2026-08-17T00:00:00Z,101311.5595703125,303.11026763916016,0.1542500089854002,0,0,0
PUUM,2026-08-17T00:00:00Z,80904.3603515625,292.88526916503906,0.34975001960992813,0,0,0
RMNP,2026-08-17T00:00:00Z,75300.1591796875,287.9977684020996,0.2136250101029873,0,0,0
SCBI,2026-08-17T00:00:00Z,98598.1572265625,296.41027450561523,0.2518750112503767,0,0,0
SERC,2026-08-17T00:00:00Z,100861.158203125,NA,NA,NA,NA,0
SJER,2026-08-17T00:00:00Z,94502.958984375,298.9477729797363,0.05575000215321779,0,0,0
SOAP,2026-08-17T00:00:00Z,94502.958984375,298.9477729797363,0.05575000215321779,0,0,0
SRER,2026-08-17T00:00:00Z,90216.958984375,306.41027450561523,0.19962500594556332,0,0,0
STEI,2026-08-17T00:00:00Z,96065.5595703125,291.7477722167969,0.1686250139027834,0,0,0
STER,2026-08-17T00:00:00Z,87652.359375,297.16027069091797,0.1978750079870224,0,0,0
TALL,2026-08-17T00:00:00Z,100533.1591796875,302.74777603149414,0.21062501147389412,0,0,0
TEAK,2026-08-17T00:00:00Z,80789.55859375,291.28527069091797,0.06387500278651714,0,0,0
TOOL,2026-08-17T00:00:00Z,88669.7587890625,286.44776916503906,0.1971250120550394,0,0,0
TREE,2026-08-17T00:00:00Z,96065.5595703125,291.7477722167969,0.1686250139027834,0,0,0
UKFS,2026-08-17T00:00:00Z,98468.3583984375,298.5477752685547,0.17262500897049904,0,0,0
UNDE,2026-08-17T00:00:00Z,95675.55859375,290.8477783203125,0.15762500651180744,0,0,0
WOOD,2026-08-17T00:00:00Z,95702.7578125,294.2602729797363,0.09637500438839197,0,0,0
WREF,2026-08-17T00:00:00Z,92813.7578125,290.0352783203125,0.16212500259280205,0,0,0
YELL,2026-08-17T00:00:00Z,76885.958984375,287.3852729797363,0.17550000734627247,0,0,0
ABBY,2026-08-18T00:00:00Z,97099.6005859375,289.7217712402344,0.12700000405311584,0,0,0
BARR,2026-08-18T00:00:00Z,100642.4013671875,NA,NA,NA,NA,0
BART,2026-08-18T00:00:00Z,95103.4013671875,288.94676971435547,0.255625007674098,0,0,0
BLAN,2026-08-18T00:00:00Z,98633.203125,296.69676971435547,0.25500000827014446,0,0,0
BONA,2026-08-18T00:00:00Z,96749.4013671875,285.5842742919922,0.24887501448392868,0,0,0
CLBJ,2026-08-18T00:00:00Z,98166.6005859375,308.40926361083984,0.10225000604987144,0,0,0
CPER,2026-08-18T00:00:00Z,83469.80078125,297.8717727661133,0.20562501065433025,0,0,0
DCFS,2026-08-18T00:00:00Z,95558.0029296875,294.9592704772949,0.07812500279396772,0,0,0
DEJU,2026-08-18T00:00:00Z,94790.4013671875,286.2967720031738,0.22550001181662083,0,0,0
DELA,2026-08-18T00:00:00Z,100894.2021484375,301.8467674255371,0.1548750065267086,0,0,0
DSNY,2026-08-18T00:00:00Z,101237.001953125,303.6467704772949,0.14562500268220901,0,0,0
GRSM,2026-08-18T00:00:00Z,91469.6005859375,294.746768951416,0.30025001987814903,0,0,0
GUAN,2026-08-18T00:00:00Z,100411.0009765625,301.70926666259766,0.1550000049173832,0,0,0
HARV,2026-08-18T00:00:00Z,97943.2021484375,291.7842712402344,0.25987501442432404,0,0,0
HEAL,2026-08-18T00:00:00Z,93372.4013671875,283.92176818847656,0.1888750083744526,0,0,0
JERC,2026-08-18T00:00:00Z,100799.2021484375,304.19676971435547,0.0781250037252903,0,0,0
JORN,2026-08-18T00:00:00Z,86570.4013671875,305.28427505493164,0.14537500962615013,0,0,0
KONA,2026-08-18T00:00:00Z,96989.4013671875,298.79676818847656,0.17975001223385334,0,0,0
KONZ,2026-08-18T00:00:00Z,96989.4013671875,298.79676818847656,0.17975001223385334,0,0,0
LAJA,2026-08-18T00:00:00Z,100411.0009765625,301.70926666259766,0.1550000049173832,0,0,0
LENO,2026-08-18T00:00:00Z,100784.4033203125,302.57177352905273,0.17662500403821468,0,0,0
MLBS,2026-08-18T00:00:00Z,93414.6015625,294.3342704772949,0.26475001126527786,0,0,0
MOAB,2026-08-18T00:00:00Z,80274.802734375,299.0467643737793,0.14162500575184822,0,0,0
NIWO,2026-08-18T00:00:00Z,74664.0009765625,289.14676666259766,0.20587500929832458,0,0,0
NOGP,2026-08-18T00:00:00Z,94804.8017578125,294.9217720031738,0.15662500821053982,0,0,0
OAES,2026-08-18T00:00:00Z,95539.2021484375,307.1467742919922,0.0842500040307641,0,0,0
ONAQ,2026-08-18T00:00:00Z,82469.400390625,302.19677734375,0.10375000350177288,0,0,0
ORNL,2026-08-18T00:00:00Z,96890.201171875,298.1717758178711,0.28462501242756844,0,0,0
OSBS,2026-08-18T00:00:00Z,101163.6015625,303.5967712402344,0.138500003144145,0,0,0
PUUM,2026-08-18T00:00:00Z,80836.4013671875,295.3717727661133,0.33375001326203346,0,0,0
RMNP,2026-08-18T00:00:00Z,75109.001953125,288.8717727661133,0.20487501472234726,0,0,0
SCBI,2026-08-18T00:00:00Z,98633.203125,296.69676971435547,0.25500000827014446,0,0,0
SERC,2026-08-18T00:00:00Z,100848.201171875,NA,NA,NA,NA,0
SJER,2026-08-18T00:00:00Z,94427.40234375,300.27176666259766,0.06900000479072332,0,0,0
SOAP,2026-08-18T00:00:00Z,94427.40234375,300.27176666259766,0.06900000479072332,0,0,0
SRER,2026-08-18T00:00:00Z,90169.201171875,308.38426971435547,0.19087500497698784,0,0,0
STEI,2026-08-18T00:00:00Z,95757.0029296875,291.9342727661133,0.17062500305473804,0,0,0
STER,2026-08-18T00:00:00Z,87289.6025390625,299.0967712402344,0.1848750077188015,0,0,0
TALL,2026-08-18T00:00:00Z,100416.2001953125,301.5467720031738,0.2113750111311674,0,0,0
TEAK,2026-08-18T00:00:00Z,80740.802734375,291.9717674255371,0.08875000290572643,0,0,0
TOOL,2026-08-18T00:00:00Z,88540.4013671875,283.496768951416,0.20162501372396946,0,0,0
TREE,2026-08-18T00:00:00Z,95757.0029296875,291.9342727661133,0.17062500305473804,0,0,0
UKFS,2026-08-18T00:00:00Z,98184.001953125,298.1967658996582,0.13175000250339508,0,0,0
UNDE,2026-08-18T00:00:00Z,95357.400390625,291.3592720031738,0.15487500838935375,0,0,0
WOOD,2026-08-18T00:00:00Z,95558.0029296875,294.9592704772949,0.07812500279396772,0,0,0
WREF,2026-08-18T00:00:00Z,92733.7998046875,290.5592727661133,0.16700001060962677,0,0,0
YELL,2026-08-18T00:00:00Z,76696.0009765625,287.1592712402344,0.1925000064074993,0,0,0
ABBY,2026-08-19T00:00:00Z,97029.24609375,289.7947692871094,0.12600000202655792,0,0,0
BARR,2026-08-19T00:00:00Z,101134.845703125,NA,NA,NA,NA,0
BART,2026-08-19T00:00:00Z,95161.845703125,289.569766998291,0.248500008136034,0,0,0
BLAN,2026-08-19T00:00:00Z,98828.0458984375,295.9072723388672,0.24237501621246338,0,0,0
BONA,2026-08-19T00:00:00Z,97509.845703125,283.35727310180664,0.2748750150203705,0,0,0
CLBJ,2026-08-19T00:00:00Z,97943.24609375,308.79477310180664,0.10200000554323196,0,0,0
CPER,2026-08-19T00:00:00Z,83482.24609375,295.9447708129883,0.1720000095665455,0,0,0
DCFS,2026-08-19T00:00:00Z,95502.4462890625,292.7822685241699,0.11550000589340925,0,0,0
DEJU,2026-08-19T00:00:00Z,95446.2451171875,285.33226776123047,0.20912500843405724,0,0,0
DELA,2026-08-19T00:00:00Z,100829.044921875,302.39476776123047,0.14912500604987144,0,0,0
DSNY,2026-08-19T00:00:00Z,101075.0458984375,303.757266998291,0.14000000432133675,0,0,0
GRSM,2026-08-19T00:00:00Z,91517.646484375,293.9947700500488,0.29062502086162567,0,0,0
GUAN,2026-08-19T00:00:00Z,100407.64453125,301.4447708129883,0.15925000607967377,0,0,0
HARV,2026-08-19T00:00:00Z,98052.8466796875,292.4447708129883,0.24700001068413258,0,0,0
HEAL,2026-08-19T00:00:00Z,94055.0458984375,282.2572708129883,0.19750001281499863,0,0,0
JERC,2026-08-19T00:00:00Z,100716.6455078125,303.9072685241699,0.08612500224262476,0,0,0
JORN,2026-08-19T00:00:00Z,86367.0458984375,306.7072639465332,0.14562500827014446,0,0,0
KONA,2026-08-19T00:00:00Z,96696.4453125,299.7072639465332,0.15512500330805779,0,0,0
KONZ,2026-08-19T00:00:00Z,96696.4453125,299.7072639465332,0.15512500330805779,0,0,0
LAJA,2026-08-19T00:00:00Z,100407.64453125,301.4447708129883,0.15925000607967377,0,0,0
LENO,2026-08-19T00:00:00Z,100726.4462890625,302.8697700500488,0.1615000031888485,0,0,0
MLBS,2026-08-19T00:00:00Z,93557.646484375,293.6072692871094,0.24675001204013824,0,0,0
MOAB,2026-08-19T00:00:00Z,80138.6455078125,299.4072723388672,0.1528750080615282,0,0,0
NIWO,2026-08-19T00:00:00Z,74617.4453125,288.76977157592773,0.21175001002848148,0,0,0
NOGP,2026-08-19T00:00:00Z,94644.64453125,294.569766998291,0.14287500828504562,0,0,0
OAES,2026-08-19T00:00:00Z,95189.8447265625,308.507266998291,0.08487500250339508,0,0,0
ONAQ,2026-08-19T00:00:00Z,82404.845703125,302.8072738647461,0.09112500585615635,0,0,0
ORNL,2026-08-19T00:00:00Z,96951.646484375,297.01976776123047,0.2771250195801258,0,0,0
OSBS,2026-08-19T00:00:00Z,101032.646484375,303.46976470947266,0.13925000466406345,0,0,0
PUUM,2026-08-19T00:00:00Z,80874.244140625,297.28226470947266,0.2628750130534172,0,0,0
RMNP,2026-08-19T00:00:00Z,75058.044921875,288.64476776123047,0.20375001057982445,0,0,0
SCBI,2026-08-19T00:00:00Z,98828.0458984375,295.9072723388672,0.24237501621246338,0,0,0
SERC,2026-08-19T00:00:00Z,101083.044921875,NA,NA,NA,NA,0
SJER,2026-08-19T00:00:00Z,94308.8466796875,300.7822685241699,0.0637500025331974,0,0,0
SOAP,2026-08-19T00:00:00Z,94308.8466796875,300.7822685241699,0.0637500025331974,0,0,0
SRER,2026-08-19T00:00:00Z,90143.4462890625,308.9197692871094,0.1570000071078539,0,0,0
STEI,2026-08-19T00:00:00Z,95829.0439453125,290.96976470947266,0.16012501157820225,0,0,0
STER,2026-08-19T00:00:00Z,87343.4443359375,298.31977462768555,0.15975000523030758,0,0,0
TALL,2026-08-19T00:00:00Z,100367.8447265625,301.7572708129883,0.21312500908970833,0,0,0
TEAK,2026-08-19T00:00:00Z,80694.64453125,292.8697700500488,0.09987500216811895,0,0,0
TOOL,2026-08-19T00:00:00Z,89217.64453125,282.9072723388672,0.22937501035630703,0,0,0
TREE,2026-08-19T00:00:00Z,95829.0439453125,290.96976470947266,0.16012501157820225,0,0,0
UKFS,2026-08-19T00:00:00Z,97821.24609375,298.319766998291,0.11562500614672899,0,0,0
UNDE,2026-08-19T00:00:00Z,95457.0458984375,290.0572700500488,0.15075000748038292,0,0,0
WOOD,2026-08-19T00:00:00Z,95502.4462890625,292.7822685241699,0.11550000589340925,0,0,0
WREF,2026-08-19T00:00:00Z,92666.24609375,290.41977310180664,0.15862500853836536,0,0,0
YELL,2026-08-19T00:00:00Z,76630.845703125,286.944766998291,0.19312500767409801,0,0,0
ABBY,2026-08-20T00:00:00Z,96698.990234375,290.7727699279785,0.12575000151991844,0,0,0
BARR,2026-08-20T00:00:00Z,101449.58984375,NA,NA,NA,NA,0
BART,2026-08-20T00:00:00Z,95344.7900390625,289.9602737426758,0.24025001004338264,0,0,0
BLAN,2026-08-20T00:00:00Z,98937.5908203125,295.91027450561523,0.23750000819563866,0,0,0
BONA,2026-08-20T00:00:00Z,97439.58984375,284.78527069091797,0.25337501242756844,0,0,0
CLBJ,2026-08-20T00:00:00Z,97916.990234375,308.7727737426758,0.10200000554323196,0,0,0
CPER,2026-08-20T00:00:00Z,83450.5908203125,297.14776611328125,0.19587501138448715,0,0,0
DCFS,2026-08-20T00:00:00Z,95242.58984375,295.76026916503906,0.10800000559538603,0,0,0
DEJU,2026-08-20T00:00:00Z,95314.390625,285.9977684020996,0.20287500880658627,0,0,0
DELA,2026-08-20T00:00:00Z,100861.990234375,301.36027908325195,0.21237500943243504,0,0,0
DSNY,2026-08-20T00:00:00Z,101146.58984375,302.6477737426758,0.1777500081807375,0,0,0
GRSM,2026-08-20T00:00:00Z,91576.1904296875,294.26026916503906,0.28287501260638237,0,0,0
GUAN,2026-08-20T00:00:00Z,100486.5908203125,301.91027450561523,0.16762500628829002,0,0,0
HARV,2026-08-20T00:00:00Z,98296.3896484375,292.6852684020996,0.23400001227855682,0,0,0
HEAL,2026-08-20T00:00:00Z,93919.189453125,283.53527450561523,0.19375000521540642,0,0,0
JERC,2026-08-20T00:00:00Z,100823.990234375,301.8727722167969,0.13050000835210085,0,0,0
JORN,2026-08-20T00:00:00Z,86290.7890625,307.63526916503906,0.11937500536441803,0,0,0
KONA,2026-08-20T00:00:00Z,96958.5908203125,298.63526916503906,0.15900001116096973,0,0,0
KONZ,2026-08-20T00:00:00Z,96958.5908203125,298.63526916503906,0.15900001116096973,0,0,0
LAJA,2026-08-20T00:00:00Z,100486.5908203125,301.91027450561523,0.16762500628829002,0,0,0
LENO,2026-08-20T00:00:00Z,100778.9912109375,301.4852752685547,0.23525001294910908,0,0,0
MLBS,2026-08-20T00:00:00Z,93642.5888671875,293.1727714538574,0.2590000182390213,0,0,0
MOAB,2026-08-20T00:00:00Z,80160.189453125,300.3102722167969,0.14237500727176666,0,0,0
NIWO,2026-08-20T00:00:00Z,74657.9912109375,289.6227684020996,0.18637500889599323,0,0,0
NOGP,2026-08-20T00:00:00Z,94508.591796875,296.57276916503906,0.11650000791996717,0,0,0
OAES,2026-08-20T00:00:00Z,95308.189453125,308.0852699279785,0.09125000517815351,0,0,0
ONAQ,2026-08-20T00:00:00Z,82448.7890625,303.6727752685547,0.08875000290572643,0,0,0
ORNL,2026-08-20T00:00:00Z,96923.58984375,296.98526763916016,0.27550001442432404,0,0,0
OSBS,2026-08-20T00:00:00Z,101130.390625,302.5102729797363,0.13987500593066216,0,0,0
PUUM,2026-08-20T00:00:00Z,80913.5888671875,295.9352798461914,0.3043750151991844,0,0,0
RMNP,2026-08-20T00:00:00Z,75099.990234375,289.18527603149414,0.2048750128597021,0,0,0
SCBI,2026-08-20T00:00:00Z,98937.5908203125,295.91027450561523,0.23750000819563866,0,0,0
SERC,2026-08-20T00:00:00Z,101221.9892578125,NA,NA,NA,NA,0
SJER,2026-08-20T00:00:00Z,94256.9892578125,301.5602684020996,0.057625002693384886,0,0,0
SOAP,2026-08-20T00:00:00Z,94256.9892578125,301.5602684020996,0.057625002693384886,0,0,0
SRER,2026-08-20T00:00:00Z,90155.189453125,308.9852752685547,0.1457500047981739,0,0,0
STEI,2026-08-20T00:00:00Z,96067.791015625,290.0227737426758,0.1606250125914812,0,0,0
STER,2026-08-20T00:00:00Z,87326.189453125,299.06027603149414,0.14975000731647015,0,0,0
TALL,2026-08-20T00:00:00Z,100395.7880859375,301.5727729797363,0.18987501226365566,0,0,0
TEAK,2026-08-20T00:00:00Z,80698.58984375,293.34777450561523,0.09275000356137753,0,0,0
TOOL,2026-08-20T00:00:00Z,89544.388671875,280.31027603149414,0.2550000101327896,0,0,0
TREE,2026-08-20T00:00:00Z,96067.791015625,290.0227737426758,0.1606250125914812,0,0,0
UKFS,2026-08-20T00:00:00Z,98046.1904296875,298.0102653503418,0.11287500709295273,0,0,0
UNDE,2026-08-20T00:00:00Z,95681.1904296875,289.2102699279785,0.15462500415742397,0,0,0
WOOD,2026-08-20T00:00:00Z,95242.58984375,295.76026916503906,0.10800000559538603,0,0,0
WREF,2026-08-20T00:00:00Z,92412.990234375,291.3727722167969,0.156875004991889,0,0,0
YELL,2026-08-20T00:00:00Z,76735.388671875,287.8852729797363,0.17612500302493572,0,0,0
ABBY,2026-08-21T00:00:00Z,96691.134765625,292.0045166015625,0.12000000476837158,0,0,0
BARR,2026-08-21T00:00:00Z,100697.93359375,NA,NA,NA,NA,0
BART,2026-08-21T00:00:00Z,95792.93359375,289.64201736450195,0.24212501384317875,0,0,0
BLAN,2026-08-21T00:00:00Z,99224.7333984375,295.0795249938965,0.2415000144392252,0,0,0
BONA,2026-08-21T00:00:00Z,97171.3349609375,285.4670181274414,0.2522500157356262,0,0,0
CLBJ,2026-08-21T00:00:00Z,98075.734375,308.9170227050781,0.10225000604987144,0,0,0
CPER,2026-08-21T00:00:00Z,83585.1337890625,298.79201889038086,0.1785000078380108,0,0,0
DCFS,2026-08-21T00:00:00Z,95697.935546875,296.6545219421387,0.07550000492483377,0,0,0
DEJU,2026-08-21T00:00:00Z,95056.134765625,286.1420211791992,0.1840000133961439,0,0,0
DELA,2026-08-21T00:00:00Z,100892.333984375,300.7670211791992,0.23537501320242882,0,0,0
DSNY,2026-08-21T00:00:00Z,101248.333984375,302.0295219421387,0.18000000715255737,0,0,0
GRSM,2026-08-21T00:00:00Z,91570.333984375,293.8545227050781,0.32362501695752144,0,0,0
GUAN,2026-08-21T00:00:00Z,100529.7333984375,301.8420219421387,0.15637500770390034,0,0,0
HARV,2026-08-21T00:00:00Z,98651.3349609375,291.9545249938965,0.25050001591444016,0,0,0
HEAL,2026-08-21T00:00:00Z,93667.9345703125,283.12952423095703,0.2048750091344118,0,0,0
JERC,2026-08-21T00:00:00Z,100804.333984375,302.7170181274414,0.10625000577419996,0,0,0
JORN,2026-08-21T00:00:00Z,86468.935546875,308.25452423095703,0.128375006839633,0,0,0
KONA,2026-08-21T00:00:00Z,97104.1328125,298.8920249938965,0.14562500268220901,0,0,0
KONZ,2026-08-21T00:00:00Z,97104.1328125,298.8920249938965,0.14562500268220901,0,0,0
LAJA,2026-08-21T00:00:00Z,100529.7333984375,301.8420219421387,0.15637500770390034,0,0,0
LENO,2026-08-21T00:00:00Z,100799.5341796875,300.3420219421387,0.22287500835955143,0,0,0
MLBS,2026-08-21T00:00:00Z,93733.93359375,293.0795211791992,0.24825000949203968,0,0,0
MOAB,2026-08-21T00:00:00Z,80332.5341796875,300.7170295715332,0.1220000060275197,0,0,0
NIWO,2026-08-21T00:00:00Z,74840.7353515625,290.1045227050781,0.173125009983778,0,0,0
NOGP,2026-08-21T00:00:00Z,94990.3349609375,296.8045234680176,0.10112500470131636,0,0,0
OAES,2026-08-21T00:00:00Z,95429.93359375,308.37952423095703,0.0866250041872263,0,0,0
ONAQ,2026-08-21T00:00:00Z,82565.5341796875,303.7795181274414,0.11012500710785389,0,0,0
ORNL,2026-08-21T00:00:00Z,96944.134765625,296.3045196533203,0.3047500178217888,0,0,0
OSBS,2026-08-21T00:00:00Z,101246.1337890625,301.8670234680176,0.1373750064522028,0,0,0
PUUM,2026-08-21T00:00:00Z,80991.7353515625,295.0295181274414,0.3125000186264515,0,0,0
RMNP,2026-08-21T00:00:00Z,75281.3359375,290.1920280456543,0.1886250115931034,0,0,0
SCBI,2026-08-21T00:00:00Z,99224.7333984375,295.0795249938965,0.2415000144392252,0,0,0
SERC,2026-08-21T00:00:00Z,101488.333984375,NA,NA,NA,NA,0
SJER,2026-08-21T00:00:00Z,94360.3330078125,301.69202423095703,0.05025000125169754,0,0,0
SOAP,2026-08-21T00:00:00Z,94360.3330078125,301.69202423095703,0.05025000125169754,0,0,0
SRER,2026-08-21T00:00:00Z,90211.134765625,308.54201889038086,0.16687501035630703,0,0,0
STEI,2026-08-21T00:00:00Z,95870.734375,290.6045227050781,0.17837500758469105,0,0,0
STER,2026-08-21T00:00:00Z,87429.9345703125,300.3670234680176,0.14037500508129597,0,0,0
TALL,2026-08-21T00:00:00Z,100412.533203125,301.2670249938965,0.2328750118613243,0,0,0
TEAK,2026-08-21T00:00:00Z,80780.1337890625,293.6295280456543,0.06087500415742397,0,0,0
TOOL,2026-08-21T00:00:00Z,89284.134765625,281.4795227050781,0.2475000098347664,0,0,0
TREE,2026-08-21T00:00:00Z,95870.734375,290.6045227050781,0.17837500758469105,0,0,0
UKFS,2026-08-21T00:00:00Z,98250.1357421875,297.29201889038086,0.12975000962615013,0,0,0
UNDE,2026-08-21T00:00:00Z,95476.134765625,290.0545234680176,0.1562500037252903,0,0,0
WOOD,2026-08-21T00:00:00Z,95697.935546875,296.6545219421387,0.07550000492483377,0,0,0
WREF,2026-08-21T00:00:00Z,92430.935546875,293.0420227050781,0.1528750117868185,0,0,0
YELL,2026-08-21T00:00:00Z,76842.7333984375,290.12952041625977,0.15925000980496407,0,0,0
ABBY,2026-08-22T00:00:00Z,96886.0224609375,290.585262298584,0.12000000476837158,0,0,0
BARR,2026-08-22T00:00:00Z,100617.2255859375,NA,NA,NA,NA,0
BART,2026-08-22T00:00:00Z,95838.025390625,289.16026306152344,0.23462501354515553,0,0,0
BLAN,2026-08-22T00:00:00Z,99034.8232421875,294.0977668762207,0.22787501476705074,0,0,0
BONA,2026-08-22T00:00:00Z,96834.6240234375,283.89776611328125,0.2736250199377537,0,0,0
CLBJ,2026-08-22T00:00:00Z,98112.82421875,308.63526153564453,0.10250000655651093,0,0,0
CPER,2026-08-22T00:00:00Z,83675.0244140625,299.03526306152344,0.16937500424683094,0,0,0
DCFS,2026-08-22T00:00:00Z,96097.0234375,295.835262298584,0.06875000521540642,0,0,0
DEJU,2026-08-22T00:00:00Z,94745.8232421875,284.6602668762207,0.20537501573562622,0,0,0
DELA,2026-08-22T00:00:00Z,100839.423828125,300.11026763916016,0.2051250096410513,0,0,0
DSNY,2026-08-22T00:00:00Z,101231.82421875,302.4352607727051,0.16862500831484795,0,0,0
GRSM,2026-08-22T00:00:00Z,91476.4248046875,293.08526611328125,0.28837501630187035,0,0,0
GUAN,2026-08-22T00:00:00Z,100445.423828125,301.27276611328125,0.15250000916421413,0,0,0
HARV,2026-08-22T00:00:00Z,98671.6240234375,291.27276611328125,0.2600000128149986,0,0,0
HEAL,2026-08-22T00:00:00Z,93317.4248046875,281.4977684020996,0.20775001123547554,0,0,0
JERC,2026-08-22T00:00:00Z,100738.025390625,302.42276763916016,0.14875000435858965,0,0,0
JORN,2026-08-22T00:00:00Z,86568.0244140625,307.63526916503906,0.12762500531971455,0,0,0
KONA,2026-08-22T00:00:00Z,97174.0244140625,299.82276153564453,0.1502500083297491,0,0,0
KONZ,2026-08-22T00:00:00Z,97174.0244140625,299.82276153564453,0.1502500083297491,0,0,0
LAJA,2026-08-22T00:00:00Z,100445.423828125,301.27276611328125,0.15250000916421413,0,0,0
LENO,2026-08-22T00:00:00Z,100723.82421875,300.34776306152344,0.21950000897049904,0,0,0
MLBS,2026-08-22T00:00:00Z,93560.6240234375,292.08526611328125,0.2653750218451023,0,0,0
MOAB,2026-08-22T00:00:00Z,80369.224609375,299.1102638244629,0.12412500474601984,0,0,0
NIWO,2026-08-22T00:00:00Z,74882.2236328125,290.6602668762207,0.1907500121742487,0,0,0
NOGP,2026-08-22T00:00:00Z,95377.2255859375,295.8227653503418,0.1118750050663948,0,0,0
OAES,2026-08-22T00:00:00Z,95409.423828125,308.3227653503418,0.08287500403821468,0,0,0
ONAQ,2026-08-22T00:00:00Z,82626.0244140625,302.2102699279785,0.10912500508129597,0,0,0
ORNL,2026-08-22T00:00:00Z,96881.82421875,295.87276458740234,0.28600001335144043,0,0,0
OSBS,2026-08-22T00:00:00Z,101174.224609375,302.3602638244629,0.13775001093745232,0,0,0
PUUM,2026-08-22T00:00:00Z,81019.0244140625,295.27276611328125,0.30287500843405724,0,0,0
RMNP,2026-08-22T00:00:00Z,75317.8251953125,290.2977638244629,0.1915000043809414,0,0,0
SCBI,2026-08-22T00:00:00Z,99034.8232421875,294.0977668762207,0.22787501476705074,0,0,0
SERC,2026-08-22T00:00:00Z,101396.224609375,NA,NA,NA,NA,0
SJER,2026-08-22T00:00:00Z,94447.8232421875,301.710262298584,0.06387500278651714,0,0,0
SOAP,2026-08-22T00:00:00Z,94447.8232421875,301.710262298584,0.06387500278651714,0,0,0
SRER,2026-08-22T00:00:00Z,90194.6240234375,307.0477638244629,0.17225000821053982,0,0,0
STEI,2026-08-22T00:00:00Z,95909.0244140625,290.21026611328125,0.20275001041591167,0,0,0
STER,2026-08-22T00:00:00Z,87546.0244140625,299.88526916503906,0.1478750053793192,0,0,0
TALL,2026-08-22T00:00:00Z,100372.0244140625,300.3602638244629,0.25112500973045826,0,0,0
TEAK,2026-08-22T00:00:00Z,80800.6240234375,293.5102653503418,0.07887500338256359,0,0,0
TOOL,2026-08-22T00:00:00Z,88928.224609375,281.772762298584,0.23450001142919064,0,0,0
TREE,2026-08-22T00:00:00Z,95909.0244140625,290.21026611328125,0.20275001041591167,0,0,0
UKFS,2026-08-22T00:00:00Z,98311.423828125,298.5727653503418,0.14062500558793545,0,0,0
UNDE,2026-08-22T00:00:00Z,95552.6240234375,289.24776458740234,0.16175000369548798,0,0,0
WOOD,2026-08-22T00:00:00Z,96097.0234375,295.835262298584,0.06875000521540642,0,0,0
WREF,2026-08-22T00:00:00Z,92535.0234375,292.03526306152344,0.15762500651180744,0,0,0
YELL,2026-08-22T00:00:00Z,76857.82421875,291.34777069091797,0.1573750078678131,0,0,0
ABBY,2026-08-23T00:00:00Z,97063.0322265625,289.8227729797363,0.12112500332295895,0,0,0
BARR,2026-08-23T00:00:00Z,101492.4306640625,NA,NA,NA,NA,0
BART,2026-08-23T00:00:00Z,95273.830078125,289.1477737426758,0.23387501202523708,0,0,0
BLAN,2026-08-23T00:00:00Z,98603.630859375,293.68527603149414,0.2448750101029873,0,0,0
BONA,2026-08-23T00:00:00Z,97134.83203125,284.0602684020996,0.2548750154674053,0,0,0
CLBJ,2026-08-23T00:00:00Z,98014.0302734375,308.43527603149414,0.10250000655651093,0,0,0
CPER,2026-08-23T00:00:00Z,83508.03125,297.3852729797363,0.23425001092255116,0,0,0
DCFS,2026-08-23T00:00:00Z,95871.4306640625,294.1477737426758,0.087250005453825,0,0,0
DEJU,2026-08-23T00:00:00Z,94999.23046875,284.8727684020996,0.23450001329183578,0,0,0
DELA,2026-08-23T00:00:00Z,100812.4306640625,300.97277069091797,0.21225001104176044,0,0,0
DSNY,2026-08-23T00:00:00Z,101163.6318359375,302.47277450561523,0.14162500761449337,0,0,0
GRSM,2026-08-23T00:00:00Z,91459.83203125,292.7727737426758,0.2848750166594982,0,0,0
GUAN,2026-08-23T00:00:00Z,100388.8310546875,300.8727722167969,0.17025000788271427,0,0,0
HARV,2026-08-23T00:00:00Z,98133.23046875,291.04776763916016,0.25200001522898674,0,0,0
HEAL,2026-08-23T00:00:00Z,93688.6318359375,281.47277069091797,0.21487501077353954,0,0,0
JERC,2026-08-23T00:00:00Z,100684.83203125,302.6477737426758,0.14337500371038914,0,0,0
JORN,2026-08-23T00:00:00Z,86490.83203125,307.2102699279785,0.1281250063329935,0,0,0
KONA,2026-08-23T00:00:00Z,97293.23046875,298.2727737426758,0.148375004529953,0,0,0
KONZ,2026-08-23T00:00:00Z,97293.23046875,298.2727737426758,0.148375004529953,0,0,0
LAJA,2026-08-23T00:00:00Z,100388.8310546875,300.8727722167969,0.17025000788271427,0,0,0
LENO,2026-08-23T00:00:00Z,100688.431640625,301.1852722167969,0.20450001396238804,0,0,0
MLBS,2026-08-23T00:00:00Z,93397.232421875,291.6977767944336,0.2528750114142895,0,0,0
MOAB,2026-08-23T00:00:00Z,80271.232421875,298.5602722167969,0.1358750071376562,0,0,0
NIWO,2026-08-23T00:00:00Z,74691.8310546875,289.09777450561523,0.2113750111311674,0,0,0
NOGP,2026-08-23T00:00:00Z,94921.03125,295.78527069091797,0.1080000065267086,0,0,0
OAES,2026-08-23T00:00:00Z,95523.23046875,307.7727737426758,0.08287500403821468,0,0,0
ONAQ,2026-08-23T00:00:00Z,82485.8330078125,302.2977714538574,0.0940000033006072,0,0,0
ORNL,2026-08-23T00:00:00Z,96916.2314453125,295.74777603149414,0.28212501108646393,0,0,0
OSBS,2026-08-23T00:00:00Z,101100.83203125,301.91027450561523,0.14750000834465027,0,0,0
PUUM,2026-08-23T00:00:00Z,80979.431640625,295.43527603149414,0.24387500807642937,0,0,0
RMNP,2026-08-23T00:00:00Z,75119.6318359375,289.2727699279785,0.22387501038610935,0,0,0
SCBI,2026-08-23T00:00:00Z,98603.630859375,293.68527603149414,0.2448750101029873,0,0,0
SERC,2026-08-23T00:00:00Z,100874.431640625,NA,NA,NA,NA,0
SJER,2026-08-23T00:00:00Z,94295.431640625,301.5602722167969,0.0538750016130507,0,0,0
SOAP,2026-08-23T00:00:00Z,94295.431640625,301.5602722167969,0.0538750016130507,0,0,0
SRER,2026-08-23T00:00:00Z,90095.2314453125,308.2477684020996,0.15000000596046448,0,0,0
STEI,2026-08-23T00:00:00Z,96149.431640625,289.5602684020996,0.18725000880658627,0,0,0
STER,2026-08-23T00:00:00Z,87436.630859375,298.8602714538574,0.14637500792741776,0,0,0
TALL,2026-08-23T00:00:00Z,100358.6318359375,300.8602714538574,0.2390000093728304,0,0,0
TEAK,2026-08-23T00:00:00Z,80689.4306640625,293.2477722167969,0.0878750067204237,0,0,0
TOOL,2026-08-23T00:00:00Z,89521.83203125,277.63526916503906,0.23725001141428947,2,0.014999999664723873,0
TREE,2026-08-23T00:00:00Z,96149.431640625,289.5602684020996,0.18725000880658627,0,0,0
UKFS,2026-08-23T00:00:00Z,98447.630859375,297.0477714538574,0.1300000101327896,0,0,0
UNDE,2026-08-23T00:00:00Z,95797.6318359375,288.4977722167969,0.15600000321865082,0,0,0
WOOD,2026-08-23T00:00:00Z,95871.4306640625,294.1477737426758,0.087250005453825,0,0,0
WREF,2026-08-23T00:00:00Z,92688.630859375,290.1227722167969,0.15150000900030136,0,0,0
YELL,2026-08-23T00:00:00Z,76623.630859375,289.0602722167969,0.18325000628829002,0,0,0
ABBY,2026-08-24T00:00:00Z,96864.1923828125,289.8045082092285,0.12412500474601984,0,0,0
BARR,2026-08-24T00:00:00Z,100738.193359375,NA,NA,NA,NA,0
BART,2026-08-24T00:00:00Z,95122.1923828125,288.67950439453125,0.24962500855326653,0,0,0
BLAN,2026-08-24T00:00:00Z,98883.9931640625,293.1545066833496,0.25375000946223736,0,0,0
BONA,2026-08-24T00:00:00Z,97583.392578125,283.19200134277344,0.24375001341104507,0,0,0
CLBJ,2026-08-24T00:00:00Z,97822.994140625,309.1420097351074,0.1021250057965517,0,0,0
CPER,2026-08-24T00:00:00Z,83423.9921875,296.66700744628906,0.2460000142455101,0,0,0
DCFS,2026-08-24T00:00:00Z,95303.39453125,295.62950134277344,0.08287500403821468,0,0,0
DEJU,2026-08-24T00:00:00Z,95482.7919921875,282.8920097351074,0.24812500923871994,0,0,0
DELA,2026-08-24T00:00:00Z,100839.9931640625,300.5045051574707,0.18637500703334808,0,0,0
DSNY,2026-08-24T00:00:00Z,101221.193359375,300.8670082092285,0.1482500061392784,0,0,0
GRSM,2026-08-24T00:00:00Z,91552.9931640625,291.96701431274414,0.28075000643730164,0,0,0
GUAN,2026-08-24T00:00:00Z,100416.392578125,300.7545051574707,0.21050001122057438,0,0,0
HARV,2026-08-24T00:00:00Z,98057.5927734375,290.49200439453125,0.27125001698732376,0,0,0
HEAL,2026-08-24T00:00:00Z,94032.193359375,280.9045066833496,0.2153750080615282,0,0,0
JERC,2026-08-24T00:00:00Z,100739.994140625,302.9045066833496,0.12412500381469727,0,0,0
JORN,2026-08-24T00:00:00Z,86401.9931640625,306.8920097351074,0.11162500455975533,0,0,0
KONA,2026-08-24T00:00:00Z,96959.392578125,296.5920066833496,0.16037500835955143,0,0,0
KONZ,2026-08-24T00:00:00Z,96959.392578125,296.5920066833496,0.16037500835955143,0,0,0
LAJA,2026-08-24T00:00:00Z,100416.392578125,300.7545051574707,0.21050001122057438,0,0,0
LENO,2026-08-24T00:00:00Z,100692.392578125,300.54200744628906,0.195875009521842,0,0,0
MLBS,2026-08-24T00:00:00Z,93596.5927734375,290.4920082092285,0.25125001557171345,0,0,0
MOAB,2026-08-24T00:00:00Z,80263.59375,298.0170097351074,0.13037501089274883,0,0,0
NIWO,2026-08-24T00:00:00Z,74694.7939453125,289.06700134277344,0.19425000995397568,0,0,0
NOGP,2026-08-24T00:00:00Z,94396.59375,296.47950744628906,0.17275000549852848,0,0,0
OAES,2026-08-24T00:00:00Z,95113.9921875,307.2170104980469,0.08287500403821468,0,0,0
ONAQ,2026-08-24T00:00:00Z,82491.3935546875,301.57950592041016,0.09425000473856926,0,0,0
ORNL,2026-08-24T00:00:00Z,97016.994140625,294.8295097351074,0.27687501907348633,0,0,0
OSBS,2026-08-24T00:00:00Z,101150.79296875,301.6170120239258,0.15250000543892384,0,0,0
PUUM,2026-08-24T00:00:00Z,80957.392578125,290.00450897216797,0.3110000118613243,0,0,0
RMNP,2026-08-24T00:00:00Z,75131.392578125,289.3670082092285,0.20700000785291195,0,0,0
SCBI,2026-08-24T00:00:00Z,98883.9931640625,293.1545066833496,0.25375000946223736,0,0,0
SERC,2026-08-24T00:00:00Z,101162.9931640625,NA,NA,NA,NA,0
SJER,2026-08-24T00:00:00Z,94251.7919921875,301.60450744628906,0.05100000277161598,0,0,0
SOAP,2026-08-24T00:00:00Z,94251.7919921875,301.60450744628906,0.05100000277161598,0,0,0
SRER,2026-08-24T00:00:00Z,90174.193359375,308.75450897216797,0.1445000097155571,0,0,0
STEI,2026-08-24T00:00:00Z,96181.59375,288.3045082092285,0.18837500922381878,0,0,0
STER,2026-08-24T00:00:00Z,87236.9931640625,299.8920021057129,0.1391250044107437,0,0,0
TALL,2026-08-24T00:00:00Z,100419.193359375,300.242000579834,0.20750001072883606,0,0,0
TEAK,2026-08-24T00:00:00Z,80674.1943359375,293.07950592041016,0.08275000378489494,0,0,0
TOOL,2026-08-24T00:00:00Z,89372.9921875,276.2920112609863,0.23325001075863838,2.125,0.012499999720603228,0
TREE,2026-08-24T00:00:00Z,96181.59375,288.3045082092285,0.18837500922381878,0,0,0
UKFS,2026-08-24T00:00:00Z,98154.9931640625,296.3295135498047,0.1000000024214387,0,0,0
UNDE,2026-08-24T00:00:00Z,95807.193359375,287.36700439453125,0.18550000712275505,0,0,0
WOOD,2026-08-24T00:00:00Z,95303.39453125,295.62950134277344,0.08287500403821468,0,0,0
WREF,2026-08-24T00:00:00Z,92561.5927734375,289.61700439453125,0.15075000748038292,0,0,0
YELL,2026-08-24T00:00:00Z,76652.9931640625,288.3295097351074,0.17350001074373722,0,0,0
ABBY,2026-08-25T00:00:00Z,96696.92578125,291.80452728271484,0.11512500233948231,0,0,0
BARR,2026-08-25T00:00:00Z,99384.7265625,NA,NA,NA,NA,0
BART,2026-08-25T00:00:00Z,95239.7265625,287.6420211791992,0.2433750107884407,0,0,0
BLAN,2026-08-25T00:00:00Z,99192.125,292.6795234680176,0.23912501148879528,0,0,0
BONA,2026-08-25T00:00:00Z,96908.7265625,282.4045219421387,0.24425001069903374,0,0,0
CLBJ,2026-08-25T00:00:00Z,97891.7265625,309.4920196533203,0.10187500528991222,0,0,0
CPER,2026-08-25T00:00:00Z,83674.326171875,295.77952575683594,0.23587500862777233,0,0,0
DCFS,2026-08-25T00:00:00Z,95435.52734375,296.1170310974121,0.15187500603497028,0,0,0
DEJU,2026-08-25T00:00:00Z,94828.7265625,284.8545265197754,0.21775001101195812,0,0,0
DELA,2026-08-25T00:00:00Z,100894.5263671875,300.6045227050781,0.20387501269578934,0,0,0
DSNY,2026-08-25T00:00:00Z,101252.5263671875,302.4670219421387,0.1601250059902668,0,0,0
GRSM,2026-08-25T00:00:00Z,91637.326171875,291.50452423095703,0.277250025421381,0,0,0
GUAN,2026-08-25T00:00:00Z,100452.1259765625,300.6795196533203,0.23100000992417336,0,0,0
HARV,2026-08-25T00:00:00Z,98222.525390625,290.12952423095703,0.2575000114738941,0,0,0
HEAL,2026-08-25T00:00:00Z,93403.326171875,281.7795219421387,0.20737501420080662,0,0,0
JERC,2026-08-25T00:00:00Z,100822.927734375,301.96702575683594,0.110000004991889,0,0,0
JORN,2026-08-25T00:00:00Z,86334.7275390625,307.75452423095703,0.11475000344216824,0,0,0
KONA,2026-08-25T00:00:00Z,96958.9267578125,298.15452575683594,0.14500001072883606,0,0,0
KONZ,2026-08-25T00:00:00Z,96958.9267578125,298.15452575683594,0.14500001072883606,0,0,0
LAJA,2026-08-25T00:00:00Z,100452.1259765625,300.6795196533203,0.23100000992417336,0,0,0
LENO,2026-08-25T00:00:00Z,100772.5263671875,299.9670219421387,0.23600001074373722,0,0,0
MLBS,2026-08-25T00:00:00Z,93822.5263671875,289.61702728271484,0.24437500722706318,0,0,0
MOAB,2026-08-25T00:00:00Z,80380.1279296875,296.4045219421387,0.17512500658631325,0,0,0
NIWO,2026-08-25T00:00:00Z,74830.1279296875,289.12952041625977,0.18000000901520252,0,0,0
NOGP,2026-08-25T00:00:00Z,94794.5263671875,296.8045234680176,0.16412500850856304,0,0,0
OAES,2026-08-25T00:00:00Z,95257.9267578125,307.4795227050781,0.08300000429153442,0,0,0
ONAQ,2026-08-25T00:00:00Z,82633.5263671875,300.96702575683594,0.11837500426918268,0,0,0
ORNL,2026-08-25T00:00:00Z,97125.9267578125,294.2920227050781,0.2720000110566616,0,0,0
OSBS,2026-08-25T00:00:00Z,101227.52734375,302.2170219421387,0.1308750044554472,0,0,0
PUUM,2026-08-25T00:00:00Z,80967.5263671875,294.3295211791992,0.3161250092089176,0,0,0
RMNP,2026-08-25T00:00:00Z,75262.724609375,289.4545211791992,0.1971250120550394,0,0,0
SCBI,2026-08-25T00:00:00Z,99192.125,292.6795234680176,0.23912501148879528,0,0,0
SERC,2026-08-25T00:00:00Z,101468.7255859375,NA,NA,NA,NA,0
SJER,2026-08-25T00:00:00Z,94433.3271484375,301.6420249938965,0.04787500062957406,0,0,0
SOAP,2026-08-25T00:00:00Z,94433.3271484375,301.6420249938965,0.04787500062957406,0,0,0
SRER,2026-08-25T00:00:00Z,90125.3271484375,308.29201889038086,0.15512500517070293,0,0,0
STEI,2026-08-25T00:00:00Z,96180.7265625,288.87952423095703,0.19950000569224358,0,0,0
STER,2026-08-25T00:00:00Z,87492.9267578125,299.7045249938965,0.12987500801682472,0,0,0
TALL,2026-08-25T00:00:00Z,100439.9267578125,300.4045219421387,0.21100001223385334,0,0,0
TEAK,2026-08-25T00:00:00Z,80839.5263671875,292.8045196533203,0.05787500226870179,0,0,0
TOOL,2026-08-25T00:00:00Z,88565.3271484375,278.9045219421387,0.23025001026690006,0,0,0
TREE,2026-08-25T00:00:00Z,96180.7265625,288.87952423095703,0.19950000569224358,0,0,0
UKFS,2026-08-25T00:00:00Z,98130.5263671875,296.1170196533203,0.11937500536441803,0,0,0
UNDE,2026-08-25T00:00:00Z,95771.9267578125,288.4545211791992,0.17850000597536564,0,0,0
WOOD,2026-08-25T00:00:00Z,95435.52734375,296.1170310974121,0.15187500603497028,0,0,0
WREF,2026-08-25T00:00:00Z,92474.92578125,291.6545219421387,0.1466250028461218,0,0,0
YELL,2026-08-25T00:00:00Z,76882.1259765625,288.50452041625977,0.15537500567734241,0,0,0
ABBY,2026-08-26T00:00:00Z,96929.7958984375,291.2535057067871,0.11300000548362732,0,0,0
BARR,2026-08-26T00:00:00Z,100698.99609375,NA,NA,NA,NA,0
BART,2026-08-26T00:00:00Z,95558.197265625,287.9285087585449,0.23762501031160355,0,0,0
BLAN,2026-08-26T00:00:00Z,99257.9970703125,293.0660095214844,0.2257500123232603,0,0,0
BONA,2026-08-26T00:00:00Z,97191.5966796875,281.81601333618164,0.29625001922249794,0,0,0
CLBJ,2026-08-26T00:00:00Z,97959.39453125,307.89100646972656,0.11312500573694706,0,0,0
CPER,2026-08-26T00:00:00Z,83794.595703125,296.5285110473633,0.19625001214444637,0,0,0
DCFS,2026-08-26T00:00:00Z,95785.3955078125,294.7785110473633,0.12450000364333391,0,0,0
DEJU,2026-08-26T00:00:00Z,95160.1953125,283.3785057067871,0.2703750152140856,0,0,0
DELA,2026-08-26T00:00:00Z,100874.5947265625,300.85351181030273,0.20700001157820225,0,0,0
DSNY,2026-08-26T00:00:00Z,101228.1943359375,302.3660125732422,0.16050000675022602,0,0,0
GRSM,2026-08-26T00:00:00Z,91644.595703125,291.6910095214844,0.27162502333521843,0,0,0
GUAN,2026-08-26T00:00:00Z,100410.1953125,301.5035095214844,0.2023750115185976,0,0,0
HARV,2026-08-26T00:00:00Z,98496.1953125,290.2160110473633,0.2666250094771385,0,0,0
HEAL,2026-08-26T00:00:00Z,93849.1962890625,280.3035087585449,0.29587501287460327,0,0,0
JERC,2026-08-26T00:00:00Z,100817.595703125,301.2410087585449,0.1401250045746565,0,0,0
JORN,2026-08-26T00:00:00Z,86387.796875,308.01600646972656,0.1118750050663948,0,0,0
KONA,2026-08-26T00:00:00Z,97092.1943359375,298.2410125732422,0.151750011369586,0,0,0
KONZ,2026-08-26T00:00:00Z,97092.1943359375,298.2410125732422,0.151750011369586,0,0,0
LAJA,2026-08-26T00:00:00Z,100410.1953125,301.5035095214844,0.2023750115185976,0,0,0
LENO,2026-08-26T00:00:00Z,100732.99609375,300.7160110473633,0.21662501245737076,0,0,0
MLBS,2026-08-26T00:00:00Z,93798.595703125,289.8160057067871,0.23475001379847527,0,0,0
MOAB,2026-08-26T00:00:00Z,80355.595703125,298.728515625,0.15000000782310963,0,0,0
NIWO,2026-08-26T00:00:00Z,74870.794921875,288.29101181030273,0.19850000739097595,0,0,0
NOGP,2026-08-26T00:00:00Z,95136.1953125,294.7410125732422,0.15450000576674938,0,0,0
OAES,2026-08-26T00:00:00Z,95571.1953125,306.5285110473633,0.08312500454485416,0,0,0
ONAQ,2026-08-26T00:00:00Z,82631.5947265625,302.5285110473633,0.10587500594556332,0,0,0
ORNL,2026-08-26T00:00:00Z,97054.59375,294.04101181030273,0.266875009983778,0,0,0
OSBS,2026-08-26T00:00:00Z,101215.197265625,301.9285125732422,0.14500000700354576,0,0,0
PUUM,2026-08-26T00:00:00Z,80907.7939453125,294.8660087585449,0.31050001457333565,0,0,0
RMNP,2026-08-26T00:00:00Z,75325.796875,287.6910057067871,0.19125000573694706,0,0,0
SCBI,2026-08-26T00:00:00Z,99257.9970703125,293.0660095214844,0.2257500123232603,0,0,0
SERC,2026-08-26T00:00:00Z,101613.396484375,NA,NA,NA,NA,0
SJER,2026-08-26T00:00:00Z,94368.794921875,301.9660110473633,0.05000000074505806,0,0,0
SOAP,2026-08-26T00:00:00Z,94368.794921875,301.9660110473633,0.05000000074505806,0,0,0
SRER,2026-08-26T00:00:00Z,89978.396484375,309.2410087585449,0.15662500634789467,0,0,0
STEI,2026-08-26T00:00:00Z,95586.3955078125,290.47851181030273,0.19650000892579556,0,0,0
STER,2026-08-26T00:00:00Z,87664.3955078125,299.2410087585449,0.11937500536441803,0,0,0
TALL,2026-08-26T00:00:00Z,100425.9951171875,300.6035041809082,0.22237500920891762,0,0,0
TEAK,2026-08-26T00:00:00Z,80806.7958984375,293.35350799560547,0.07250000536441803,0,0,0
TOOL,2026-08-26T00:00:00Z,88933.7939453125,276.2535095214844,0.25337500870227814,7.5,0.04749999917112291,0
TREE,2026-08-26T00:00:00Z,95586.3955078125,290.47851181030273,0.19650000892579556,0,0,0
UKFS,2026-08-26T00:00:00Z,98150.3955078125,297.4410095214844,0.1360000092536211,0,0,0
UNDE,2026-08-26T00:00:00Z,95169.3955078125,290.15350341796875,0.16000000573694706,0,0,0
WOOD,2026-08-26T00:00:00Z,95785.3955078125,294.7785110473633,0.12450000364333391,0,0,0
WREF,2026-08-26T00:00:00Z,92590.7958984375,291.8910140991211,0.14900000393390656,0,0,0
YELL,2026-08-26T00:00:00Z,76932.396484375,288.6785087585449,0.15837500803172588,0,0,0
ABBY,2026-08-27T00:00:00Z,96899.46875,290.02851486206055,0.11112500820308924,0,0,0
BARR,2026-08-27T00:00:00Z,101453.8701171875,NA,NA,NA,NA,0
BART,2026-08-27T00:00:00Z,95614.6689453125,288.7535171508789,0.24137500673532486,0,0,0
BLAN,2026-08-27T00:00:00Z,98931.869140625,294.2035140991211,0.2141250092536211,0,0,0
BONA,2026-08-27T00:00:00Z,97812.0693359375,280.41601181030273,0.2877500094473362,0,0,0
CLBJ,2026-08-27T00:00:00Z,98045.2685546875,306.79101181030273,0.10437500476837158,0,0,0
CPER,2026-08-27T00:00:00Z,83664.0703125,294.9535102844238,0.24837501160800457,0,0,0
DCFS,2026-08-27T00:00:00Z,95939.2685546875,294.10351181030273,0.12350000254809856,0,0,0
DEJU,2026-08-27T00:00:00Z,95711.6689453125,281.79101181030273,0.27262501046061516,0,0,0
DELA,2026-08-27T00:00:00Z,100771.4697265625,300.416015625,0.23362500965595245,0,0,0
DSNY,2026-08-27T00:00:00Z,101204.470703125,301.29101181030273,0.16112500801682472,0,0,0
GRSM,2026-08-27T00:00:00Z,91502.271484375,291.60351181030273,0.27937501668930054,0,0,0
GUAN,2026-08-27T00:00:00Z,100295.669921875,301.2035102844238,0.22587501257658005,0,0,0
HARV,2026-08-27T00:00:00Z,98564.26953125,290.9410095214844,0.2527500167489052,0,0,0
HEAL,2026-08-27T00:00:00Z,94305.068359375,278.6410140991211,0.30925001576542854,0,0,0
JERC,2026-08-27T00:00:00Z,100713.0693359375,301.2410125732422,0.1451250072568655,0,0,0
JORN,2026-08-27T00:00:00Z,86444.869140625,307.81601333618164,0.1165000069886446,0,0,0
KONA,2026-08-27T00:00:00Z,97209.8701171875,299.01601791381836,0.13112500309944153,0,0,0
KONZ,2026-08-27T00:00:00Z,97209.8701171875,299.01601791381836,0.13112500309944153,0,0,0
LAJA,2026-08-27T00:00:00Z,100295.669921875,301.2035102844238,0.22587501257658005,0,0,0
LENO,2026-08-27T00:00:00Z,100650.4697265625,300.3285140991211,0.24687501043081284,0,0,0
MLBS,2026-08-27T00:00:00Z,93592.6689453125,291.3160171508789,0.2285000141710043,0,0,0
MOAB,2026-08-27T00:00:00Z,80299.26953125,297.6160125732422,0.18112501129508018,0,0,0
NIWO,2026-08-27T00:00:00Z,74776.26953125,288.09101486206055,0.19425000995397568,0,0,0
NOGP,2026-08-27T00:00:00Z,95135.6689453125,294.61601638793945,0.08850000333040953,0,0,0
OAES,2026-08-27T00:00:00Z,95635.8701171875,304.60351181030273,0.08575000427663326,0,0,0
ONAQ,2026-08-27T00:00:00Z,82490.6689453125,302.4535102844238,0.08975000400096178,0,0,0
ORNL,2026-08-27T00:00:00Z,96897.46875,294.72850799560547,0.26600001379847527,0,0,0
OSBS,2026-08-27T00:00:00Z,101178.0703125,300.9410095214844,0.1601250097155571,0,0,0
PUUM,2026-08-27T00:00:00Z,80840.0693359375,295.8285102844238,0.2540000155568123,0,0,0
RMNP,2026-08-27T00:00:00Z,75215.2705078125,288.3785095214844,0.20075000822544098,0,0,0
SCBI,2026-08-27T00:00:00Z,98931.869140625,294.2035140991211,0.2141250092536211,0,0,0
SERC,2026-08-27T00:00:00Z,101337.271484375,NA,NA,NA,NA,0
SJER,2026-08-27T00:00:00Z,94268.068359375,302.0910110473633,0.048750001937150955,0,0,0
SOAP,2026-08-27T00:00:00Z,94268.068359375,302.0910110473633,0.048750001937150955,0,0,0
SRER,2026-08-27T00:00:00Z,90052.470703125,309.6910171508789,0.14800000376999378,0,0,0
STEI,2026-08-27T00:00:00Z,95913.26953125,290.2410125732422,0.19637501053512096,0,0,0
STER,2026-08-27T00:00:00Z,87597.869140625,297.9910125732422,0.13762500509619713,0,0,0
TALL,2026-08-27T00:00:00Z,100294.46875,300.09101486206055,0.24775001220405102,0,0,0
TEAK,2026-08-27T00:00:00Z,80716.2685546875,293.44101333618164,0.07875000312924385,0,0,0
TOOL,2026-08-27T00:00:00Z,89682.8701171875,275.041015625,0.254000011831522,11.25,0.08499999670311809,0
TREE,2026-08-27T00:00:00Z,95913.26953125,290.2410125732422,0.19637501053512096,0,0,0
UKFS,2026-08-27T00:00:00Z,98292.26953125,297.9410095214844,0.11487500462681055,0,0,0
UNDE,2026-08-27T00:00:00Z,95544.2685546875,289.60350799560547,0.1778750065714121,0,0,0
WOOD,2026-08-27T00:00:00Z,95939.2685546875,294.10351181030273,0.12350000254809856,0,0,0
WREF,2026-08-27T00:00:00Z,92543.46875,290.27851486206055,0.14300000667572021,0,0,0
YELL,2026-08-27T00:00:00Z,76783.669921875,288.8785095214844,0.1743750125169754,0,0,0
ABBY,2026-08-28T00:00:00Z,96942.9873046875,288.9977722167969,0.11400000751018524,0,0,0
BARR,2026-08-28T00:00:00Z,100485.3857421875,NA,NA,NA,NA,0
BART,2026-08-28T00:00:00Z,95469.5859375,289.34777069091797,0.2657500132918358,0,0,0
BLAN,2026-08-28T00:00:00Z,99003.38671875,294.5102767944336,0.2707500122487545,0,0,0
BONA,2026-08-28T00:00:00Z,96706.3857421875,280.4852714538574,0.2906250171363354,0,0,0
CLBJ,2026-08-28T00:00:00Z,98250.7861328125,305.97277450561523,0.10462500434368849,0,0,0
CPER,2026-08-28T00:00:00Z,83389.9853515625,295.1477737426758,0.25050000846385956,0,0,0
DCFS,2026-08-28T00:00:00Z,95661.1865234375,294.3977737426758,0.09887500293552876,0,0,0
DEJU,2026-08-28T00:00:00Z,94712.5849609375,281.7352752685547,0.24312501214444637,0,0,0
DELA,2026-08-28T00:00:00Z,100858.5859375,299.5602722167969,0.2107500098645687,0,0,0
DSNY,2026-08-28T00:00:00Z,101248.185546875,300.8852729797363,0.17837500758469105,0,0,0
GRSM,2026-08-28T00:00:00Z,91542.5859375,291.97277069091797,0.2747500091791153,0,0,0
GUAN,2026-08-28T00:00:00Z,100293.384765625,300.7977714538574,0.20437500812113285,0,0,0
HARV,2026-08-28T00:00:00Z,98400.7861328125,292.1352729797363,0.24275000765919685,0,0,0
HEAL,2026-08-28T00:00:00Z,93034.9873046875,280.1727714538574,0.27425001189112663,0,0,0
JERC,2026-08-28T00:00:00Z,100800.5869140625,300.1727714538574,0.17000000551342964,0,0,0
JORN,2026-08-28T00:00:00Z,86532.787109375,306.57276916503906,0.10750000458210707,0,0,0
KONA,2026-08-28T00:00:00Z,97306.5859375,298.3977699279785,0.12462500110268593,0,0,0
KONZ,2026-08-28T00:00:00Z,97306.5859375,298.3977699279785,0.12462500110268593,0,0,0
LAJA,2026-08-28T00:00:00Z,100293.384765625,300.7977714538574,0.20437500812113285,0,0,0
LENO,2026-08-28T00:00:00Z,100739.3857421875,297.91027069091797,0.26825001090765,0,0,0
MLBS,2026-08-28T00:00:00Z,93652.78515625,291.8852729797363,0.2571250144392252,0,0,0
MOAB,2026-08-28T00:00:00Z,80229.9853515625,298.4352684020996,0.12325000576674938,0,0,0
NIWO,2026-08-28T00:00:00Z,74647.38671875,289.22277069091797,0.1853750068694353,0,0,0
NOGP,2026-08-28T00:00:00Z,94677.185546875,295.4977722167969,0.07900000363588333,0,0,0
OAES,2026-08-28T00:00:00Z,95762.1865234375,304.9852714538574,0.08687500469386578,0,0,0
ONAQ,2026-08-28T00:00:00Z,82385.1865234375,301.28527450561523,0.08912500366568565,0,0,0
ORNL,2026-08-28T00:00:00Z,96978.1865234375,294.91027069091797,0.27375001087784767,0,0,0
OSBS,2026-08-28T00:00:00Z,101192.5849609375,301.29776763916016,0.14562500454485416,0,0,0
PUUM,2026-08-28T00:00:00Z,80791.3857421875,295.37277603149414,0.28287500888109207,0,0,0
RMNP,2026-08-28T00:00:00Z,75080.7861328125,289.1227684020996,0.18712500855326653,0,0,0
SCBI,2026-08-28T00:00:00Z,99003.38671875,294.5102767944336,0.2707500122487545,0,0,0
SERC,2026-08-28T00:00:00Z,101292.9853515625,NA,NA,NA,NA,0
SJER,2026-08-28T00:00:00Z,94346.986328125,300.24777603149414,0.04837500164285302,0,0,0
SOAP,2026-08-28T00:00:00Z,94346.986328125,300.24777603149414,0.04837500164285302,0,0,0
SRER,2026-08-28T00:00:00Z,90066.3857421875,309.73526763916016,0.13975000567734241,0,0,0
STEI,2026-08-28T00:00:00Z,96272.3857421875,290.4227714538574,0.19087500497698784,0,0,0
STER,2026-08-28T00:00:00Z,87307.3857421875,299.41027450561523,0.11375000420957804,0,0,0
TALL,2026-08-28T00:00:00Z,100406.5869140625,299.3602714538574,0.23237501457333565,0,0,0
TEAK,2026-08-28T00:00:00Z,80649.9853515625,290.2477722167969,0.12187500391155481,0,0,0
TOOL,2026-08-28T00:00:00Z,88572.38671875,274.18527603149414,0.2535000145435333,7.875,0.05874999891966581,0
TREE,2026-08-28T00:00:00Z,96272.3857421875,290.4227714538574,0.19087500497698784,0,0,0
UKFS,2026-08-28T00:00:00Z,98464.185546875,297.72277069091797,0.08637500368058681,0,0,0
UNDE,2026-08-28T00:00:00Z,95905.984375,289.2977752685547,0.18612500838935375,0,0,0
WOOD,2026-08-28T00:00:00Z,95661.1865234375,294.3977737426758,0.09887500293552876,0,0,0
WREF,2026-08-28T00:00:00Z,92539.5849609375,288.9227714538574,0.14275000616908073,0,0,0
YELL,2026-08-28T00:00:00Z,76542.3857421875,288.77276611328125,0.16787500493228436,0,0,0
ABBY,2026-08-29T00:00:00Z,96907.24609375,287.6342544555664,0.10962500609457493,0,0,0
BARR,2026-08-29T00:00:00Z,100466.2451171875,NA,NA,NA,NA,0
BART,2026-08-29T00:00:00Z,95899.046875,288.98426055908203,0.24025001376867294,0,0,0
BLAN,2026-08-29T00:00:00Z,99586.044921875,294.24675369262695,0.2486250102519989,0,0,0
BONA,2026-08-29T00:00:00Z,96422.2451171875,280.18425369262695,0.3281250111758709,0,0,0
CLBJ,2026-08-29T00:00:00Z,98197.8447265625,306.5717544555664,0.10262500680983067,0,0,0
CPER,2026-08-29T00:00:00Z,83237.8447265625,296.79674911499023,0.22475001215934753,0,0,0
DCFS,2026-08-29T00:00:00Z,95021.4453125,295.39675521850586,0.11400000657886267,0,0,0
DEJU,2026-08-29T00:00:00Z,94380.24609375,282.7967529296875,0.2602500095963478,0,0,0
DELA,2026-08-29T00:00:00Z,101005.2451171875,300.05925369262695,0.20150000974535942,0,0,0
DSNY,2026-08-29T00:00:00Z,101289.2451171875,302.1342582702637,0.1673750076442957,0,0,0
GRSM,2026-08-29T00:00:00Z,91835.0458984375,292.08425521850586,0.27512501180171967,0,0,0
GUAN,2026-08-29T00:00:00Z,100297.044921875,300.8467597961426,0.20725001022219658,0,0,0
HARV,2026-08-29T00:00:00Z,98843.044921875,291.68425369262695,0.2388750109821558,0,0,0
HEAL,2026-08-29T00:00:00Z,93073.2451171875,279.3217582702637,0.27387501671910286,0,0,0
JERC,2026-08-29T00:00:00Z,101024.046875,298.40925216674805,0.19287500903010368,0,0,0
JORN,2026-08-29T00:00:00Z,86416.4443359375,306.70925521850586,0.10975000634789467,0,0,0
KONA,2026-08-29T00:00:00Z,96894.845703125,299.5967559814453,0.12425000220537186,0,0,0
KONZ,2026-08-29T00:00:00Z,96894.845703125,299.5967559814453,0.12425000220537186,0,0,0
LAJA,2026-08-29T00:00:00Z,100297.044921875,300.8467597961426,0.20725001022219658,0,0,0
LENO,2026-08-29T00:00:00Z,100863.6455078125,299.28425216674805,0.24712500721216202,0,0,0
MLBS,2026-08-29T00:00:00Z,94060.24609375,291.8592529296875,0.23900001123547554,0,0,0
MOAB,2026-08-29T00:00:00Z,80089.2451171875,298.5092582702637,0.13787501119077206,0,0,0
NIWO,2026-08-29T00:00:00Z,74523.044921875,289.33425521850586,0.17012500576674938,0,0,0
NOGP,2026-08-29T00:00:00Z,94157.6455078125,296.9842529296875,0.11937500536441803,0,0,0
OAES,2026-08-29T00:00:00Z,95565.244140625,305.60926055908203,0.08312500454485416,0,0,0
ONAQ,2026-08-29T00:00:00Z,82258.044921875,298.9967575073242,0.11662500444799662,0,0,0
ORNL,2026-08-29T00:00:00Z,97237.244140625,295.64675521850586,0.26512500643730164,0,0,0
OSBS,2026-08-29T00:00:00Z,101316.046875,301.28426361083984,0.1510000042617321,0,0,0
PUUM,2026-08-29T00:00:00Z,80815.4443359375,294.48426055908203,0.2903750166296959,0,0,0
RMNP,2026-08-29T00:00:00Z,74948.64453125,289.14675521850586,0.18025000765919685,0,0,0
SCBI,2026-08-29T00:00:00Z,99586.044921875,294.24675369262695,0.2486250102519989,0,0,0
SERC,2026-08-29T00:00:00Z,101887.64453125,NA,NA,NA,NA,0
SJER,2026-08-29T00:00:00Z,94278.8447265625,299.6342544555664,0.04800000041723251,0,0,0
SOAP,2026-08-29T00:00:00Z,94278.8447265625,299.6342544555664,0.04800000041723251,0,0,0
SRER,2026-08-29T00:00:00Z,90021.8447265625,309.3217544555664,0.1477500069886446,0,0,0
STEI,2026-08-29T00:00:00Z,96144.84375,290.6842575073242,0.19700000807642937,0,0,0
STER,2026-08-29T00:00:00Z,87048.4453125,300.4342575073242,0.10987500753253698,0,0,0
TALL,2026-08-29T00:00:00Z,100566.64453125,300.05925369262695,0.21012501046061516,0,0,0
TEAK,2026-08-29T00:00:00Z,80562.4453125,289.17176055908203,0.14887500554323196,0,0,0
TOOL,2026-08-29T00:00:00Z,88372.044921875,273.98426055908203,0.26875001564621925,9.875,0.06624999735504389,0
TREE,2026-08-29T00:00:00Z,96144.84375,290.6842575073242,0.19700000807642937,0,0,0
UKFS,2026-08-29T00:00:00Z,98148.64453125,297.9967575073242,0.0963750034570694,0,0,0
UNDE,2026-08-29T00:00:00Z,95744.64453125,289.98424911499023,0.17025000602006912,0,0,0
WOOD,2026-08-29T00:00:00Z,95021.4453125,295.39675521850586,0.11400000657886267,0,0,0
WREF,2026-08-29T00:00:00Z,92454.0439453125,287.6217575073242,0.14037500508129597,0,0,0
YELL,2026-08-29T00:00:00Z,76324.4453125,285.0217514038086,0.23125001043081284,0,0,0
ABBY,2026-08-30T00:00:00Z,97112.41796875,286.11711502075195,0.1148750027641654,0,0,0
BARR,2026-08-30T00:00:00Z,100568.2197265625,NA,NA,NA,NA,0
BART,2026-08-30T00:00:00Z,95777.818359375,288.1046142578125,0.2351250145584345,0,0,0
BLAN,2026-08-30T00:00:00Z,99553.4189453125,294.3421173095703,0.23450001329183578,0,0,0
BONA,2026-08-30T00:00:00Z,97185.619140625,279.9796142578125,0.2966250106692314,0,0,0
CLBJ,2026-08-30T00:00:00Z,98070.4189453125,306.50461196899414,0.10250000655651093,0,0,0
CPER,2026-08-30T00:00:00Z,83161.2197265625,295.56711196899414,0.19112500548362732,0,0,0
DCFS,2026-08-30T00:00:00Z,94952.4189453125,296.0171089172363,0.12537500262260437,0,0,0
DEJU,2026-08-30T00:00:00Z,95125.6201171875,280.9046173095703,0.25237500853836536,0,0,0
DELA,2026-08-30T00:00:00Z,101140.62109375,299.9171142578125,0.18750000931322575,0,0,0
DSNY,2026-08-30T00:00:00Z,101344.419921875,301.9671096801758,0.16487500816583633,0,0,0
GRSM,2026-08-30T00:00:00Z,92018.419921875,292.2296142578125,0.2822500132024288,0,0,0
GUAN,2026-08-30T00:00:00Z,100227.6181640625,301.3671112060547,0.20812500827014446,0,0,0
HARV,2026-08-30T00:00:00Z,98856.6181640625,290.5671157836914,0.24962500482797623,0,0,0
HEAL,2026-08-30T00:00:00Z,93771.8193359375,278.56711196899414,0.26625001430511475,0,0,0
JERC,2026-08-30T00:00:00Z,101109.0185546875,299.65461349487305,0.15525000728666782,0,0,0
JORN,2026-08-30T00:00:00Z,86230.01953125,307.27961349487305,0.10337500367313623,0,0,0
KONA,2026-08-30T00:00:00Z,96524.8193359375,302.25461196899414,0.12312500551342964,0,0,0
KONZ,2026-08-30T00:00:00Z,96524.8193359375,302.25461196899414,0.12312500551342964,0,0,0
LAJA,2026-08-30T00:00:00Z,100227.6181640625,301.3671112060547,0.20812500827014446,0,0,0
LENO,2026-08-30T00:00:00Z,101000.8193359375,299.3671112060547,0.23050001077353954,0,0,0
MLBS,2026-08-30T00:00:00Z,94170.21875,292.15461349487305,0.23000000789761543,0,0,0
MOAB,2026-08-30T00:00:00Z,79977.2197265625,297.41711807250977,0.16762501187622547,0,0,0
NIWO,2026-08-30T00:00:00Z,74376.6181640625,287.62961196899414,0.18387500941753387,0,0,0
NOGP,2026-08-30T00:00:00Z,94061.4189453125,295.9421081542969,0.14687500521540642,0,0,0
OAES,2026-08-30T00:00:00Z,95295.419921875,306.3546142578125,0.08287500403821468,0,0,0
ONAQ,2026-08-30T00:00:00Z,82158.8193359375,296.32961654663086,0.17575000785291195,0,0,0
ORNL,2026-08-30T00:00:00Z,97397.8193359375,296.01711654663086,0.2580000087618828,0,0,0
OSBS,2026-08-30T00:00:00Z,101406.4189453125,301.42961502075195,0.15450000762939453,0,0,0
PUUM,2026-08-30T00:00:00Z,80923.8203125,294.6046142578125,0.2900000140070915,0,0,0
RMNP,2026-08-30T00:00:00Z,74807.619140625,287.7796173095703,0.17225001193583012,0,0,0
SCBI,2026-08-30T00:00:00Z,99553.4189453125,294.3421173095703,0.23450001329183578,0,0,0
SERC,2026-08-30T00:00:00Z,101948.619140625,NA,NA,NA,NA,0
SJER,2026-08-30T00:00:00Z,94146.619140625,299.5546188354492,0.049000002443790436,0,0,0
SOAP,2026-08-30T00:00:00Z,94146.619140625,299.5546188354492,0.049000002443790436,0,0,0
SRER,2026-08-30T00:00:00Z,90043.419921875,309.29211044311523,0.1535000056028366,0,0,0
STEI,2026-08-30T00:00:00Z,95788.8193359375,289.52961349487305,0.20225000753998756,0,0,0
STER,2026-08-30T00:00:00Z,87002.220703125,299.8671188354492,0.10287500265985727,0,0,0
TALL,2026-08-30T00:00:00Z,100714.8193359375,299.85461044311523,0.22300000861287117,0,0,0
TEAK,2026-08-30T00:00:00Z,80406.01953125,289.5296173095703,0.13900000602006912,0,0,0
TOOL,2026-08-30T00:00:00Z,89030.2197265625,273.8296089172363,0.2601250149309635,14.25,0.1149999974295497,0
TREE,2026-08-30T00:00:00Z,95788.8193359375,289.52961349487305,0.20225000753998756,0,0,0
UKFS,2026-08-30T00:00:00Z,97788.01953125,300.3421173095703,0.09950000327080488,0,0,0
UNDE,2026-08-30T00:00:00Z,95442.0185546875,289.0546188354492,0.18437500670552254,0,0,0
WOOD,2026-08-30T00:00:00Z,94952.4189453125,296.0171089172363,0.12537500262260437,0,0,0
WREF,2026-08-30T00:00:00Z,92660.220703125,285.4171142578125,0.14600001275539398,0,0,0
YELL,2026-08-30T00:00:00Z,76089.8193359375,284.22961044311523,0.25625001080334187,0,0,0
ABBY,2026-08-31T00:00:00Z,96533.7490234375,287.20351791381836,0.11000000685453415,0,0,0
BARR,2026-08-31T00:00:00Z,100372.548828125,NA,NA,NA,NA,0
BART,2026-08-31T00:00:00Z,95738.1484375,288.14101791381836,0.23500001430511475,0,0,0
BLAN,2026-08-31T00:00:00Z,99322.349609375,295.57851791381836,0.20737501047551632,0,0,0
BONA,2026-08-31T00:00:00Z,96560.94921875,278.8785171508789,0.3022500164806843,0,0,0
CLBJ,2026-08-31T00:00:00Z,98071.3505859375,306.52851486206055,0.10250000655651093,0,0,0
CPER,2026-08-31T00:00:00Z,83338.94921875,295.54101943969727,0.17812500707805157,0,0,0
DCFS,2026-08-31T00:00:00Z,95029.5498046875,294.74101638793945,0.18637500703334808,0,0,0
DEJU,2026-08-31T00:00:00Z,94378.349609375,281.37851333618164,0.293000016361475,0,0,0
DELA,2026-08-31T00:00:00Z,101090.748046875,300.0785140991211,0.1992500051856041,0,0,0
DSNY,2026-08-31T00:00:00Z,101226.94921875,302.0660171508789,0.17025000788271427,0,0,0
GRSM,2026-08-31T00:00:00Z,91951.548828125,292.5910186767578,0.27662501484155655,0,0,0
GUAN,2026-08-31T00:00:00Z,100270.349609375,301.7410202026367,0.19300000742077827,0,0,0
HARV,2026-08-31T00:00:00Z,98695.34765625,291.04101943969727,0.23787501081824303,0,0,0
HEAL,2026-08-31T00:00:00Z,93085.5498046875,278.20351791381836,0.3070000149309635,1,0.007499999832361937,0
JERC,2026-08-31T00:00:00Z,101016.75,300.67851638793945,0.15712500549852848,0,0,0
JORN,2026-08-31T00:00:00Z,86062.1494140625,307.9910125732422,0.10312500409781933,0,0,0
KONA,2026-08-31T00:00:00Z,96572.9482421875,304.30351638793945,0.11825000494718552,0,0,0
KONZ,2026-08-31T00:00:00Z,96572.9482421875,304.30351638793945,0.11825000494718552,0,0,0
LAJA,2026-08-31T00:00:00Z,100270.349609375,301.7410202026367,0.19300000742077827,0,0,0
LENO,2026-08-31T00:00:00Z,100942.548828125,300.15351486206055,0.19625001028180122,0,0,0
MLBS,2026-08-31T00:00:00Z,94019.94921875,293.26601791381836,0.2305000089108944,0,0,0
MOAB,2026-08-31T00:00:00Z,80041.9501953125,295.51601791381836,0.17387500405311584,0,0,0
NIWO,2026-08-31T00:00:00Z,74476.94921875,286.1285209655762,0.18150001019239426,0,0,0
NOGP,2026-08-31T00:00:00Z,94293.9482421875,295.0660209655762,0.1692500077188015,0,0,0
OAES,2026-08-31T00:00:00Z,95349.3486328125,306.5910186767578,0.08287500403821468,0,0,0
ONAQ,2026-08-31T00:00:00Z,82224.349609375,296.89101791381836,0.16050000675022602,0,0,0
ORNL,2026-08-31T00:00:00Z,97342.3505859375,296.3410224914551,0.2605000101029873,0,0,0
OSBS,2026-08-31T00:00:00Z,101280.94921875,301.40351486206055,0.16250000707805157,0,0,0
PUUM,2026-08-31T00:00:00Z,80948.3486328125,295.7160186767578,0.2527500130236149,0,0,0
RMNP,2026-08-31T00:00:00Z,74912.7490234375,286.35352325439453,0.18062500841915607,0,0,0
SCBI,2026-08-31T00:00:00Z,99322.349609375,295.57851791381836,0.20737501047551632,0,0,0
SERC,2026-08-31T00:00:00Z,101617.55078125,NA,NA,NA,NA,0
SJER,2026-08-31T00:00:00Z,94038.1494140625,298.92851638793945,0.04800000041723251,0,0,0
SOAP,2026-08-31T00:00:00Z,94038.1494140625,298.92851638793945,0.04800000041723251,0,0,0
SRER,2026-08-31T00:00:00Z,90028.3486328125,307.29101943969727,0.14312501065433025,0,0,0
STEI,2026-08-31T00:00:00Z,95633.1494140625,291.3285255432129,0.20637501031160355,0,0,0
STER,2026-08-31T00:00:00Z,87225.7490234375,298.6285209655762,0.09037500526756048,0,0,0
TALL,2026-08-31T00:00:00Z,100665.3486328125,300.10350799560547,0.22162500955164433,0,0,0
TEAK,2026-08-31T00:00:00Z,80285.94921875,289.7035140991211,0.13187500275671482,0,0,0
TOOL,2026-08-31T00:00:00Z,88784.7490234375,273.6785202026367,0.2748750150203705,12,0.08249999722465873,0
TREE,2026-08-31T00:00:00Z,95633.1494140625,291.3285255432129,0.20637501031160355,0,0,0
UKFS,2026-08-31T00:00:00Z,97773.7490234375,302.41602325439453,0.08962500374764204,0,0,0
UNDE,2026-08-31T00:00:00Z,95263.94921875,291.7535171508789,0.20225000753998756,0,0,0
WOOD,2026-08-31T00:00:00Z,95029.5498046875,294.74101638793945,0.18637500703334808,0,0,0
WREF,2026-08-31T00:00:00Z,92212.748046875,286.66601943969727,0.13987500220537186,0,0,0
YELL,2026-08-31T00:00:00Z,76328.748046875,283.09101486206055,0.2270000111311674,0,0,0
