site_id,datetime,PRES,TSOIL,SOILW,WEASD,SNOD,ICETK
ABBY,2026-07-01T00:00:00Z,96967.2763671875,283.63150787353516,0.21025000885128975,0,0,0
BARR,2026-07-01T00:00:00Z,101444.2783203125,NA,NA,0,0,0.23999999463558197
BART,2026-07-01T00:00:00Z,95335.6767578125,290.95650482177734,0.2750000134110451,0,0,0
BLAN,2026-07-01T00:00:00Z,99121.6767578125,296.294002532959,0.24375000782310963,0,0,0
BONA,2026-07-01T00:00:00Z,97432.4765625,283.61900329589844,0.21187501214444637,0,0,0
CLBJ,2026-07-01T00:00:00Z,98115.2783203125,302.05650329589844,0.13662500865757465,0,0,0
CPER,2026-07-01T00:00:00Z,82788.4775390625,295.49401092529297,0.111375005915761,0,0,0
DCFS,2026-07-01T00:00:00Z,94808.0771484375,291.3065071105957,0.2290000095963478,0,0,0
DEJU,2026-07-01T00:00:00Z,95282.0791015625,281.9440040588379,0.2957500144839287,0,0,0
DELA,2026-07-01T00:00:00Z,101068.078125,300.94400787353516,0.2316250093281269,0,0,0
DSNY,2026-07-01T00:00:00Z,101168.876953125,301.1940040588379,0.19075001031160355,0,0,0
GRSM,2026-07-01T00:00:00Z,91894.078125,294.0190086364746,0.2930000126361847,0,0,0
GUAN,2026-07-01T00:00:00Z,100348.078125,300.6815071105957,0.1862500086426735,0,0,0
HARV,2026-07-01T00:00:00Z,98318.6767578125,292.69400787353516,0.2757500112056732,0,0,0
HEAL,2026-07-01T00:00:00Z,93918.67578125,279.99401092529297,0.2238750085234642,0,0,0
JERC,2026-07-01T00:00:00Z,100978.4775390625,301.76900482177734,0.13250000402331352,0,0,0
JORN,2026-07-01T00:00:00Z,85967.478515625,306.3315086364746,0.10362500417977571,0,0,0
KONA,2026-07-01T00:00:00Z,96614.27734375,299.1065101623535,0.19100000709295273,0,0,0
KONZ,2026-07-01T00:00:00Z,96614.27734375,299.1065101623535,0.19100000709295273,0,0,0
LAJA,2026-07-01T00:00:00Z,100348.078125,300.6815071105957,0.1862500086426735,0,0,0
LENO,2026-07-01T00:00:00Z,100936.27734375,300.66900634765625,0.2533750105649233,0,0,0
MLBS,2026-07-01T00:00:00Z,93948.2783203125,293.75650787353516,0.2695000171661377,0,0,0
MOAB,2026-07-01T00:00:00Z,79562.4775390625,293.28150939941406,0.06912500504404306,0,0,0
NIWO,2026-07-01T00:00:00Z,73949.6767578125,286.98150634765625,0.10662500560283661,0,0,0
NOGP,2026-07-01T00:00:00Z,94028.4765625,292.356502532959,0.18587500788271427,0,0,0
OAES,2026-07-01T00:00:00Z,95259.677734375,304.6440086364746,0.12012500688433647,0,0,0
ONAQ,2026-07-01T00:00:00Z,81804.8779296875,295.14400482177734,0.1006250036880374,0,0,0
ORNL,2026-07-01T00:00:00Z,97259.27734375,298.24400329589844,0.2965000085532665,0,0,0
OSBS,2026-07-01T00:00:00Z,101246.27734375,301.44400787353516,0.15275000780820847,0,0,0
PUUM,2026-07-01T00:00:00Z,80974.8759765625,295.2940139770508,0.26625001430511475,0,0,0
RMNP,2026-07-01T00:00:00Z,74393.6767578125,286.6190071105957,0.13112500309944153,0,0,0
SCBI,2026-07-01T00:00:00Z,99121.6767578125,296.294002532959,0.24375000782310963,0,0,0
SERC,2026-07-01T00:00:00Z,101484.2783203125,NA,NA,NA,NA,0
SJER,2026-07-01T00:00:00Z,93914.2763671875,295.5190086364746,0.04687500232830644,0,0,0
SOAP,2026-07-01T00:00:00Z,93914.2763671875,295.5190086364746,0.04687500232830644,0,0,0
SRER,2026-07-01T00:00:00Z,89799.4775390625,304.5315132141113,0.0838750060647726,0,0,0
STEI,2026-07-01T00:00:00Z,95546.876953125,295.7815132141113,0.2351250108331442,0,0,0
STER,2026-07-01T00:00:00Z,86633.0771484375,298.54400634765625,0.11825000401586294,0,0,0
TALL,2026-07-01T00:00:00Z,100612.0771484375,300.94400787353516,0.2528750114142895,0,0,0
TEAK,2026-07-01T00:00:00Z,80071.67578125,287.71900939941406,0.08337500505149364,0,0,0
TOOL,2026-07-01T00:00:00Z,89529.677734375,278.4940071105957,0.22700000926852226,0,0,0
TREE,2026-07-01T00:00:00Z,95546.876953125,295.7815132141113,0.2351250108331442,0,0,0
UKFS,2026-07-01T00:00:00Z,97881.4765625,298.5565071105957,0.219250014051795,0,0,0
UNDE,2026-07-01T00:00:00Z,95155.6767578125,295.3690071105957,0.2317500114440918,0,0,0
WOOD,2026-07-01T00:00:00Z,94808.0771484375,291.3065071105957,0.2290000095963478,0,0,0
WREF,2026-07-01T00:00:00Z,92467.0791015625,282.8690071105957,0.25450002029538155,0,0,0
YELL,2026-07-01T00:00:00Z,75984.87890625,280.4815101623535,0.24150000885128975,0,0,0
ABBY,2026-07-02T00:00:00Z,96918.8525390625,284.4325065612793,0.20700001157820225,0,0,0
BARR,2026-07-02T00:00:00Z,101496.251953125,NA,NA,0,0,0.23874999396502972
BART,2026-07-02T00:00:00Z,95284.65234375,293.47000885009766,0.2655000053346157,0,0,0
BLAN,2026-07-02T00:00:00Z,99171.6533203125,298.42000579833984,0.2251250110566616,0,0,0
BONA,2026-07-02T00:00:00Z,96773.8525390625,285.4075050354004,0.2048750128597021,0,0,0
CLBJ,2026-07-02T00:00:00Z,98119.0537109375,302.58250427246094,0.12475000228732824,0,0,0
CPER,2026-07-02T00:00:00Z,82993.853515625,297.632511138916,0.1260000066831708,0,0,0
DCFS,2026-07-02T00:00:00Z,95235.052734375,291.94500732421875,0.18937501311302185,0,0,0
DEJU,2026-07-02T00:00:00Z,94651.8525390625,283.7325134277344,0.27662501484155655,0,0,0
DELA,2026-07-02T00:00:00Z,101088.453125,300.7950134277344,0.23275001347064972,0,0,0
DSNY,2026-07-02T00:00:00Z,101187.4521484375,301.28250885009766,0.1758750081062317,0,0,0
GRSM,2026-07-02T00:00:00Z,91888.65234375,295.2825050354004,0.298000019043684,0,0,0
GUAN,2026-07-02T00:00:00Z,100445.05078125,300.5825080871582,0.1912500075995922,0,0,0
HARV,2026-07-02T00:00:00Z,98233.0517578125,294.95750427246094,0.26637501642107964,0,0,0
HEAL,2026-07-02T00:00:00Z,93265.251953125,282.39500427246094,0.21400001272559166,0,0,0
JERC,2026-07-02T00:00:00Z,100981.65234375,301.78250885009766,0.10800000466406345,0,0,0
JORN,2026-07-02T00:00:00Z,86038.6513671875,306.3075065612793,0.09275000356137753,0,0,0
KONA,2026-07-02T00:00:00Z,96801.451171875,298.32000732421875,0.20212500914931297,0,0,0
KONZ,2026-07-02T00:00:00Z,96801.451171875,298.32000732421875,0.20212500914931297,0,0,0
LAJA,2026-07-02T00:00:00Z,100445.05078125,300.5825080871582,0.1912500075995922,0,0,0
LENO,2026-07-02T00:00:00Z,100944.2529296875,300.4825019836426,0.24700001068413258,0,0,0
MLBS,2026-07-02T00:00:00Z,93989.052734375,295.12000274658203,0.25137501768767834,0,0,0
MOAB,2026-07-02T00:00:00Z,79694.65234375,294.1450080871582,0.0660000005736947,0,0,0
NIWO,2026-07-02T00:00:00Z,74132.2529296875,286.9200096130371,0.10025000385940075,0,0,0
NOGP,2026-07-02T00:00:00Z,94370.6533203125,293.3450050354004,0.17200000770390034,0,0,0
OAES,2026-07-02T00:00:00Z,95344.453125,303.6825065612793,0.1187500050291419,0,0,0
ONAQ,2026-07-02T00:00:00Z,81918.65234375,296.59500885009766,0.08300000429153442,0,0,0
ORNL,2026-07-02T00:00:00Z,97256.6533203125,298.9075050354004,0.2941250056028366,0,0,0
OSBS,2026-07-02T00:00:00Z,101265.2509765625,301.1575050354004,0.13762500695884228,0,0,0
PUUM,2026-07-02T00:00:00Z,80887.8525390625,293.4325065612793,0.2743750140070915,0,0,0
RMNP,2026-07-02T00:00:00Z,74573.0537109375,286.80751037597656,0.11875000596046448,0,0,0
SCBI,2026-07-02T00:00:00Z,99171.6533203125,298.42000579833984,0.2251250110566616,0,0,0
SERC,2026-07-02T00:00:00Z,101403.4521484375,NA,NA,NA,NA,0
SJER,2026-07-02T00:00:00Z,94034.0517578125,295.84500885009766,0.04687500232830644,0,0,0
SOAP,2026-07-02T00:00:00Z,94034.0517578125,295.84500885009766,0.04687500232830644,0,0,0
SRER,2026-07-02T00:00:00Z,89906.0517578125,304.9325065612793,0.09175000712275505,0,0,0
STEI,2026-07-02T00:00:00Z,95779.25390625,294.2450065612793,0.2310000080615282,0,0,0
STER,2026-07-02T00:00:00Z,86846.4521484375,299.6575126647949,0.10650000534951687,0,0,0
TALL,2026-07-02T00:00:00Z,100656.251953125,300.5700035095215,0.2587500140070915,0,0,0
TEAK,2026-07-02T00:00:00Z,80150.052734375,288.25750732421875,0.08675000444054604,0,0,0
TOOL,2026-07-02T00:00:00Z,89273.453125,281.0075035095215,0.22737500816583633,0,0,0
TREE,2026-07-02T00:00:00Z,95779.25390625,294.2450065612793,0.2310000080615282,0,0,0
UKFS,2026-07-02T00:00:00Z,98051.8515625,298.3575019836426,0.21950001269578934,0,0,0
UNDE,2026-07-02T00:00:00Z,95377.25390625,293.7950096130371,0.20862500742077827,0,0,0
WOOD,2026-07-02T00:00:00Z,95235.052734375,291.94500732421875,0.18937501311302185,0,0,0
WREF,2026-07-02T00:00:00Z,92457.6533203125,283.73250579833984,0.24950000829994678,0,0,0
YELL,2026-07-02T00:00:00Z,76107.453125,283.33250427246094,0.2357500120997429,0,0,0
ABBY,2026-07-03T00:00:00Z,96962.953125,285.8815116882324,0.20687501318752766,0,0,0
BARR,2026-07-03T00:00:00Z,101426.3525390625,NA,NA,0,0,0.2312499899417162
BART,2026-07-03T00:00:00Z,95179.1513671875,294.3815155029297,0.261750016361475,0,0,0
BLAN,2026-07-03T00:00:00Z,99176.951171875,299.40650939941406,0.2167500089854002,0,0,0
BONA,2026-07-03T00:00:00Z,96500.3515625,286.96900939941406,0.1985000129789114,0,0,0
CLBJ,2026-07-03T00:00:00Z,98216.3505859375,302.29400634765625,0.13512500561773777,0,0,0
CPER,2026-07-03T00:00:00Z,83029.751953125,297.4315071105957,0.1576250083744526,0,0,0
DCFS,2026-07-03T00:00:00Z,95463.7490234375,293.05651092529297,0.1373750101774931,0,0,0
DEJU,2026-07-03T00:00:00Z,94383.9521484375,285.64400482177734,0.259125005453825,0,0,0
DELA,2026-07-03T00:00:00Z,101113.150390625,300.55651092529297,0.2296250145882368,0,0,0
DSNY,2026-07-03T00:00:00Z,101251.9521484375,301.89400482177734,0.16025000624358654,0,0,0
GRSM,2026-07-03T00:00:00Z,91905.3515625,295.68151092529297,0.2797500118613243,0,0,0
GUAN,2026-07-03T00:00:00Z,100513.5517578125,300.61901092529297,0.18600000999867916,0,0,0
HARV,2026-07-03T00:00:00Z,98137.9521484375,296.5065116882324,0.25737500935792923,0,0,0
HEAL,2026-07-03T00:00:00Z,93071.15234375,284.1565132141113,0.20612501166760921,0,0,0
JERC,2026-07-03T00:00:00Z,101015.552734375,301.00650787353516,0.12012500688433647,0,0,0
JORN,2026-07-03T00:00:00Z,86129.5517578125,307.1065139770508,0.08087500091642141,0,0,0
KONA,2026-07-03T00:00:00Z,96877.15234375,298.5690116882324,0.19900000654160976,0,0,0
KONZ,2026-07-03T00:00:00Z,96877.15234375,298.5690116882324,0.19900000654160976,0,0,0
LAJA,2026-07-03T00:00:00Z,100513.5517578125,300.61901092529297,0.18600000999867916,0,0,0
LENO,2026-07-03T00:00:00Z,100962.15234375,300.5190124511719,0.2390000093728304,0,0,0
MLBS,2026-07-03T00:00:00Z,93991.55078125,295.84400939941406,0.2473750114440918,0,0,0
MOAB,2026-07-03T00:00:00Z,79910.15234375,294.9815101623535,0.06362500227987766,0,0,0
NIWO,2026-07-03T00:00:00Z,74278.951171875,288.05651473999023,0.11650000605732203,0,0,0
NOGP,2026-07-03T00:00:00Z,94616.5517578125,293.43151473999023,0.21087501011788845,0,0,0
OAES,2026-07-03T00:00:00Z,95464.75,303.4440155029297,0.12187500577419996,0,0,0
ONAQ,2026-07-03T00:00:00Z,82183.951171875,298.0190086364746,0.09300000313669443,0,0,0
ORNL,2026-07-03T00:00:00Z,97279.15234375,299.0190086364746,0.2906250171363354,0,0,0
OSBS,2026-07-03T00:00:00Z,101302.3515625,302.19400787353516,0.10975000448524952,0,0,0
PUUM,2026-07-03T00:00:00Z,80810.9521484375,295.2190055847168,0.2533750142902136,0,0,0
RMNP,2026-07-03T00:00:00Z,74712.9521484375,288.25650787353516,0.12125000730156898,0,0,0
SCBI,2026-07-03T00:00:00Z,99176.951171875,299.40650939941406,0.2167500089854002,0,0,0
SERC,2026-07-03T00:00:00Z,101383.1513671875,NA,NA,NA,NA,0
SJER,2026-07-03T00:00:00Z,94218.15234375,296.10651779174805,0.04687500232830644,0,0,0
SOAP,2026-07-03T00:00:00Z,94218.15234375,296.10651779174805,0.04687500232830644,0,0,0
SRER,2026-07-03T00:00:00Z,90016.751953125,306.08151626586914,0.0957500021904707,0,0,0
STEI,2026-07-03T00:00:00Z,96002.751953125,294.6315040588379,0.23275000974535942,0,0,0
STER,2026-07-03T00:00:00Z,86850.55078125,300.80651092529297,0.1178750041872263,0,0,0
TALL,2026-07-03T00:00:00Z,100664.951171875,300.3565101623535,0.26337501034140587,0,0,0
TEAK,2026-07-03T00:00:00Z,80378.751953125,288.9565086364746,0.08587500266730785,0,0,0
TOOL,2026-07-03T00:00:00Z,89260.1513671875,280.7440071105957,0.2243750113993883,0,0,0
TREE,2026-07-03T00:00:00Z,96002.751953125,294.6315040588379,0.23275000974535942,0,0,0
UKFS,2026-07-03T00:00:00Z,98130.1513671875,298.2565002441406,0.21650000847876072,0,0,0
UNDE,2026-07-03T00:00:00Z,95626.5517578125,293.94400787353516,0.2128750141710043,0,0,0
WOOD,2026-07-03T00:00:00Z,95463.7490234375,293.05651092529297,0.1373750101774931,0,0,0
WREF,2026-07-03T00:00:00Z,92562.552734375,285.4815139770508,0.24775001034140587,0,0,0
YELL,2026-07-03T00:00:00Z,76349.951171875,284.40650939941406,0.21375000663101673,0,0,0
ABBY,2026-07-04T00:00:00Z,97073.640625,287.0747528076172,0.1990000121295452,0,0,0
BARR,2026-07-04T00:00:00Z,101372.83984375,NA,NA,0,0,0.22999998927116394
BART,2026-07-04T00:00:00Z,95076.2392578125,293.749755859375,0.2565000057220459,0,0,0
BLAN,2026-07-04T00:00:00Z,98968.4404296875,300.23725509643555,0.20975000970065594,0,0,0
BONA,2026-07-04T00:00:00Z,96898.4384765625,286.9497489929199,0.20600000955164433,0,0,0
CLBJ,2026-07-04T00:00:00Z,98129.2392578125,303.1122512817383,0.12425000220537186,0,0,0
CPER,2026-07-04T00:00:00Z,83432.0390625,297.47475814819336,0.1347500067204237,0,0,0
DCFS,2026-07-04T00:00:00Z,95627.240234375,293.1372604370117,0.17012500949203968,0,0,0
DEJU,2026-07-04T00:00:00Z,94829.0390625,286.29975509643555,0.25700001418590546,0,0,0
DELA,2026-07-04T00:00:00Z,100957.2392578125,300.98725509643555,0.22075001522898674,0,0,0
DSNY,2026-07-04T00:00:00Z,101218.2392578125,302.437255859375,0.1673750076442957,0,0,0
GRSM,2026-07-04T00:00:00Z,91754.0400390625,294.8997573852539,0.27775001153349876,0,0,0
GUAN,2026-07-04T00:00:00Z,100555.6396484375,300.2872543334961,0.19325000792741776,0,0,0
HARV,2026-07-04T00:00:00Z,97999.0400390625,296.7872543334961,0.2440000120550394,0,0,0
HEAL,2026-07-04T00:00:00Z,93473.4404296875,284.4122543334961,0.20625001564621925,0,0,0
JERC,2026-07-04T00:00:00Z,100880.4404296875,302.04975509643555,0.1012500049546361,0,0,0
JORN,2026-07-04T00:00:00Z,86198.240234375,308.18725204467773,0.09050000458955765,0,0,0
KONA,2026-07-04T00:00:00Z,96873.0400390625,298.7247619628906,0.1843750048428774,0,0,0
KONZ,2026-07-04T00:00:00Z,96873.0400390625,298.7247619628906,0.1843750048428774,0,0,0
LAJA,2026-07-04T00:00:00Z,100555.6396484375,300.2872543334961,0.19325000792741776,0,0,0
LENO,2026-07-04T00:00:00Z,100829.6396484375,300.78725814819336,0.23725001327693462,0,0,0
MLBS,2026-07-04T00:00:00Z,93785.6396484375,296.312255859375,0.24950001388788223,0,0,0
MOAB,2026-07-04T00:00:00Z,80084.83984375,296.0997543334961,0.06475000455975533,0,0,0
NIWO,2026-07-04T00:00:00Z,74568.2392578125,287.8872604370117,0.11062500812113285,0,0,0
NOGP,2026-07-04T00:00:00Z,94803.640625,293.66225814819336,0.1997500080615282,0,0,0
OAES,2026-07-04T00:00:00Z,95407.4404296875,303.9872589111328,0.11600000597536564,0,0,0
ONAQ,2026-07-04T00:00:00Z,82417.4404296875,299.38725662231445,0.10362500324845314,0,0,0
ORNL,2026-07-04T00:00:00Z,97166.240234375,297.5872573852539,0.297125019133091,0,0,0
OSBS,2026-07-04T00:00:00Z,101229.4404296875,301.88725662231445,0.1250000037252903,0,0,0
PUUM,2026-07-04T00:00:00Z,80844.6396484375,293.43725204467773,0.23875001072883606,0,0,0
RMNP,2026-07-04T00:00:00Z,75026.439453125,287.71225357055664,0.09937500394880772,0,0,0
SCBI,2026-07-04T00:00:00Z,98968.4404296875,300.23725509643555,0.20975000970065594,0,0,0
SERC,2026-07-04T00:00:00Z,101179.8388671875,NA,NA,NA,NA,0
SJER,2026-07-04T00:00:00Z,94375.2412109375,296.9747543334961,0.04687500232830644,0,0,0
SOAP,2026-07-04T00:00:00Z,94375.2412109375,296.9747543334961,0.04687500232830644,0,0,0
SRER,2026-07-04T00:00:00Z,90158.8408203125,306.5122604370117,0.09300000220537186,0,0,0
STEI,2026-07-04T00:00:00Z,96072.6396484375,293.56225967407227,0.24337501265108585,0,0,0
STER,2026-07-04T00:00:00Z,87279.4404296875,300.67475509643555,0.10887500643730164,0,0,0
TALL,2026-07-04T00:00:00Z,100515.0400390625,300.2747459411621,0.256250012665987,0,0,0
TEAK,2026-07-04T00:00:00Z,80610.2392578125,290.03725814819336,0.08150000125169754,0,0,0
TOOL,2026-07-04T00:00:00Z,89461.0400390625,278.9497604370117,0.222750011831522,0,0,0
TREE,2026-07-04T00:00:00Z,96072.6396484375,293.56225967407227,0.24337501265108585,0,0,0
UKFS,2026-07-04T00:00:00Z,98042.439453125,298.3872528076172,0.21250000596046448,0,0,0
UNDE,2026-07-04T00:00:00Z,95743.4404296875,293.22475814819336,0.23337501101195812,0,0,0
WOOD,2026-07-04T00:00:00Z,95627.240234375,293.1372604370117,0.17012500949203968,0,0,0
WREF,2026-07-04T00:00:00Z,92664.8408203125,287.23725509643555,0.24150001257658005,0,0,0
YELL,2026-07-04T00:00:00Z,76591.8408203125,285.0247573852539,0.20412501320242882,0,0,0
ABBY,2026-07-05T00:00:00Z,97021.841796875,287.2487487792969,0.19800001196563244,0,0,0
BARR,2026-07-05T00:00:00Z,101497.2421875,NA,NA,0,0,0.22749999165534973
BART,2026-07-05T00:00:00Z,95419.041015625,292.41124725341797,0.2548750191926956,0,0,0
BLAN,2026-07-05T00:00:00Z,98786.841796875,298.6987533569336,0.25300000980496407,0,0,0
BONA,2026-07-05T00:00:00Z,97233.8427734375,286.91125106811523,0.20275000855326653,0,0,0
CLBJ,2026-07-05T00:00:00Z,97984.642578125,303.9362487792969,0.12400000263005495,0,0,0
CPER,2026-07-05T00:00:00Z,83468.841796875,298.9612464904785,0.08937500417232513,0,0,0
DCFS,2026-07-05T00:00:00Z,95634.841796875,293.9362487792969,0.20512500777840614,0,0,0
DEJU,2026-07-05T00:00:00Z,95133.8427734375,285.63624572753906,0.2761250101029873,0,0,0
DELA,2026-07-05T00:00:00Z,100756.642578125,300.8862533569336,0.21862501092255116,0,0,0
DSNY,2026-07-05T00:00:00Z,101204.8447265625,301.3737449645996,0.22187500819563866,0,0,0
GRSM,2026-07-05T00:00:00Z,91471.6416015625,294.6237487792969,0.3018750138580799,0,0,0
GUAN,2026-07-05T00:00:00Z,100608.841796875,300.5862503051758,0.18325000628829002,0,0,0
HARV,2026-07-05T00:00:00Z,98270.841796875,295.7987518310547,0.2503750119358301,0,0,0
HEAL,2026-07-05T00:00:00Z,93725.6416015625,283.98624420166016,0.20250000804662704,0,0,0
JERC,2026-07-05T00:00:00Z,100722.0419921875,302.2112464904785,0.11875000596046448,0,0,0
JORN,2026-07-05T00:00:00Z,86212.4423828125,308.4862480163574,0.09450000431388617,0,0,0
KONA,2026-07-05T00:00:00Z,97002.642578125,296.9487495422363,0.20500000566244125,0,0,0
KONZ,2026-07-05T00:00:00Z,97002.642578125,296.9487495422363,0.20500000566244125,0,0,0
LAJA,2026-07-05T00:00:00Z,100608.841796875,300.5862503051758,0.18325000628829002,0,0,0
LENO,2026-07-05T00:00:00Z,100641.041015625,301.1862449645996,0.2322500105947256,0,0,0
MLBS,2026-07-05T00:00:00Z,93505.04296875,295.6862487792969,0.2617500126361847,0,0,0
MOAB,2026-07-05T00:00:00Z,80090.8427734375,297.2362518310547,0.06562500167638063,0,0,0
NIWO,2026-07-05T00:00:00Z,74620.841796875,289.1862487792969,0.11462500412017107,0,0,0
NOGP,2026-07-05T00:00:00Z,94744.04296875,295.2612495422363,0.17800000868737698,0,0,0
OAES,2026-07-05T00:00:00Z,95394.2412109375,305.1487503051758,0.11125000473111868,0,0,0
ONAQ,2026-07-05T00:00:00Z,82353.8427734375,300.41124725341797,0.08862500265240669,0,0,0
ORNL,2026-07-05T00:00:00Z,96827.841796875,297.28625106811523,0.28562501072883606,0,0,0
OSBS,2026-07-05T00:00:00Z,101133.0419921875,301.93625259399414,0.1661250088363886,0,0,0
PUUM,2026-07-05T00:00:00Z,80934.2412109375,293.4862518310547,0.26600001007318497,0,0,0
RMNP,2026-07-05T00:00:00Z,75071.2421875,288.33624267578125,0.14737500436604023,0,0,0
SCBI,2026-07-05T00:00:00Z,98786.841796875,298.6987533569336,0.25300000980496407,0,0,0
SERC,2026-07-05T00:00:00Z,101090.4423828125,NA,NA,NA,NA,0
SJER,2026-07-05T00:00:00Z,94302.8427734375,298.0112533569336,0.04700000211596489,0,0,0
SOAP,2026-07-05T00:00:00Z,94302.8427734375,298.0112533569336,0.04700000211596489,0,0,0
SRER,2026-07-05T00:00:00Z,90087.244140625,307.91125106811523,0.07962500490248203,0,0,0
STEI,2026-07-05T00:00:00Z,96173.2421875,292.8237495422363,0.23525001481175423,0,0,0
STER,2026-07-05T00:00:00Z,87411.4423828125,299.6862487792969,0.0978750055655837,0,0,0
TALL,2026-07-05T00:00:00Z,100299.2431640625,300.4112548828125,0.25162501260638237,0,0,0
TEAK,2026-07-05T00:00:00Z,80553.04296875,291.0112495422363,0.07750000432133675,0,0,0
TOOL,2026-07-05T00:00:00Z,89777.841796875,280.89874267578125,0.21825001016259193,0,0,0
TREE,2026-07-05T00:00:00Z,96173.2421875,292.8237495422363,0.23525001481175423,0,0,0
UKFS,2026-07-05T00:00:00Z,98106.0419921875,296.4612503051758,0.21300000697374344,0,0,0
UNDE,2026-07-05T00:00:00Z,95842.8427734375,292.1612434387207,0.21637501008808613,0,0,0
WOOD,2026-07-05T00:00:00Z,95634.841796875,293.9362487792969,0.20512500777840614,0,0,0
WREF,2026-07-05T00:00:00Z,92604.841796875,287.7737503051758,0.23912501148879528,0,0,0
YELL,2026-07-05T00:00:00Z,76598.841796875,286.7612533569336,0.19812501221895218,0,0,0
ABBY,2026-07-06T00:00:00Z,96708.048828125,288.4382667541504,0.19512500800192356,0,0,0
BARR,2026-07-06T00:00:00Z,101434.0478515625,NA,NA,0,0,0.2199999988079071
BART,2026-07-06T00:00:00Z,95904.84765625,291.7757682800293,0.2588750123977661,0,0,0
BLAN,2026-07-06T00:00:00Z,98807.0458984375,297.163272857666,0.3048750124871731,0,0,0
BONA,2026-07-06T00:00:00Z,97280.048828125,287.48826599121094,0.1893750112503767,0,0,0
CLBJ,2026-07-06T00:00:00Z,98111.2490234375,302.51326751708984,0.12212500348687172,0,0,0
CPER,2026-07-06T00:00:00Z,83277.4482421875,300.45076751708984,0.0881250025704503,0,0,0
DCFS,2026-07-06T00:00:00Z,95425.6474609375,294.9382667541504,0.188750009983778,0,0,0
DEJU,2026-07-06T00:00:00Z,95110.84765625,286.4382667541504,0.25437501817941666,0,0,0
DELA,2026-07-06T00:00:00Z,100706.2470703125,299.4507713317871,0.23275001347064972,0,0,0
DSNY,2026-07-06T00:00:00Z,101223.0478515625,300.5382652282715,0.2011250127106905,0,0,0
GRSM,2026-07-06T00:00:00Z,91403.447265625,294.2507629394531,0.29637501388788223,0,0,0
GUAN,2026-07-06T00:00:00Z,100586.447265625,300.82576751708984,0.1691250056028366,0,0,0
HARV,2026-07-06T00:00:00Z,98768.44921875,294.0632667541504,0.24675000831484795,0,0,0
HEAL,2026-07-06T00:00:00Z,93769.046875,284.52577209472656,0.2032500095665455,0,0,0
JERC,2026-07-06T00:00:00Z,100689.0478515625,301.3757629394531,0.11050000693649054,0,0,0
JORN,2026-07-06T00:00:00Z,86395.6474609375,304.6507682800293,0.10037500411272049,0,0,0
KONA,2026-07-06T00:00:00Z,97071.8466796875,296.86326599121094,0.2103750128298998,0,0,0
KONZ,2026-07-06T00:00:00Z,97071.8466796875,296.86326599121094,0.2103750128298998,0,0,0
LAJA,2026-07-06T00:00:00Z,100586.447265625,300.82576751708984,0.1691250056028366,0,0,0
LENO,2026-07-06T00:00:00Z,100597.8466796875,300.10076904296875,0.23350001126527786,0,0,0
MLBS,2026-07-06T00:00:00Z,93459.8466796875,295.36327362060547,0.24237501248717308,0,0,0
MOAB,2026-07-06T00:00:00Z,79995.8466796875,298.6007614135742,0.06200000271201134,0,0,0
NIWO,2026-07-06T00:00:00Z,74509.2470703125,290.1132621765137,0.10562500543892384,0,0,0
NOGP,2026-07-06T00:00:00Z,94543.248046875,297.3882637023926,0.13762500882148743,0,0,0
OAES,2026-07-06T00:00:00Z,95535.2490234375,303.8882637023926,0.12950001005083323,0,0,0
ONAQ,2026-07-06T00:00:00Z,82223.4482421875,300.8507652282715,0.07562500424683094,0,0,0
ORNL,2026-07-06T00:00:00Z,96761.6474609375,297.1132698059082,0.2863750122487545,0,0,0
OSBS,2026-07-06T00:00:00Z,101149.447265625,302.15076065063477,0.14925000630319118,0,0,0
PUUM,2026-07-06T00:00:00Z,80925.646484375,294.8132629394531,0.25837501510977745,0,0,0
RMNP,2026-07-06T00:00:00Z,74954.0478515625,290.0507698059082,0.135500006377697,0,0,0
SCBI,2026-07-06T00:00:00Z,98807.0458984375,297.163272857666,0.3048750124871731,0,0,0
SERC,2026-07-06T00:00:00Z,101074.646484375,NA,NA,NA,NA,0
SJER,2026-07-06T00:00:00Z,94223.84765625,298.3632621765137,0.04687500232830644,0,0,0
SOAP,2026-07-06T00:00:00Z,94223.84765625,298.3632621765137,0.04687500232830644,0,0,0
SRER,2026-07-06T00:00:00Z,89962.0478515625,309.4132614135742,0.08575000241398811,0,0,0
STEI,2026-07-06T00:00:00Z,96306.8486328125,292.5882682800293,0.22575001046061516,0,0,0
STER,2026-07-06T00:00:00Z,87218.8466796875,302.12577056884766,0.08400000352412462,0,0,0
TALL,2026-07-06T00:00:00Z,100234.6474609375,299.40077209472656,0.2726250123232603,0,0,0
TEAK,2026-07-06T00:00:00Z,80473.447265625,290.40076446533203,0.07987500540912151,0,0,0
TOOL,2026-07-06T00:00:00Z,89847.8486328125,284.2507667541504,0.21262500993907452,0,0,0
TREE,2026-07-06T00:00:00Z,96306.8486328125,292.5882682800293,0.22575001046061516,0,0,0
UKFS,2026-07-06T00:00:00Z,98180.0478515625,296.6257667541504,0.20300001092255116,0,0,0
UNDE,2026-07-06T00:00:00Z,95935.6484375,292.1132621765137,0.2082500085234642,0,0,0
WOOD,2026-07-06T00:00:00Z,95425.6474609375,294.9382667541504,0.188750009983778,0,0,0
WREF,2026-07-06T00:00:00Z,92388.6494140625,289.45076751708984,0.23387501202523708,0,0,0
YELL,2026-07-06T00:00:00Z,76559.447265625,287.86326599121094,0.2000000048428774,0,0,0
ABBY,2026-07-07T00:00:00Z,96754.0068359375,289.4710006713867,0.19487500749528408,0,0,0
BARR,2026-07-07T00:00:00Z,101017.80859375,NA,NA,0,0,0.2149999961256981
BART,2026-07-07T00:00:00Z,96056.60546875,290.5585021972656,0.25575001537799835,0,0,0
BLAN,2026-07-07T00:00:00Z,99002.8076171875,296.2960014343262,0.3215000182390213,0,0,0
BONA,2026-07-07T00:00:00Z,96780.408203125,288.89599990844727,0.18562500551342964,0,0,0
CLBJ,2026-07-07T00:00:00Z,98213.0078125,302.8835029602051,0.13962500728666782,0,0,0
CPER,2026-07-07T00:00:00Z,83336.4072265625,299.8585014343262,0.1087500061839819,0,0,0
DCFS,2026-07-07T00:00:00Z,95934.20703125,294.09599685668945,0.13375000283122063,0,0,0
DEJU,2026-07-07T00:00:00Z,94618.8076171875,287.1710014343262,0.2370000146329403,0,0,0
DELA,2026-07-07T00:00:00Z,100878.8076171875,299.3710021972656,0.2227500081062317,0,0,0
DSNY,2026-07-07T00:00:00Z,101399.4072265625,301.346004486084,0.18500000797212124,0,0,0
GRSM,2026-07-07T00:00:00Z,91515.0078125,293.27100372314453,0.2997500151395798,0,0,0
GUAN,2026-07-07T00:00:00Z,100625.607421875,301.08349990844727,0.16250000335276127,0,0,0
HARV,2026-07-07T00:00:00Z,98891.20703125,291.4210014343262,0.29975001886487007,0,0,0
HEAL,2026-07-07T00:00:00Z,93262.607421875,285.5085029602051,0.19212500378489494,0,0,0
JERC,2026-07-07T00:00:00Z,100894.806640625,301.1835060119629,0.1672500055283308,0,0,0
JORN,2026-07-07T00:00:00Z,86388.4052734375,307.4210014343262,0.10225000604987144,0,0,0
KONA,2026-07-07T00:00:00Z,97211.005859375,297.2210006713867,0.2017500102519989,0,0,0
KONZ,2026-07-07T00:00:00Z,97211.005859375,297.2210006713867,0.2017500102519989,0,0,0
LAJA,2026-07-07T00:00:00Z,100625.607421875,301.08349990844727,0.16250000335276127,0,0,0
LENO,2026-07-07T00:00:00Z,100769.6064453125,299.89600372314453,0.24525000900030136,0,0,0
MLBS,2026-07-07T00:00:00Z,93570.8076171875,295.0960006713867,0.2502500172704458,0,0,0
MOAB,2026-07-07T00:00:00Z,80058.607421875,297.533504486084,0.061875002924352884,0,0,0
NIWO,2026-07-07T00:00:00Z,74555.806640625,290.8085060119629,0.10350000392645597,0,0,0
NOGP,2026-07-07T00:00:00Z,95125.40625,295.13350677490234,0.13050000742077827,0,0,0
OAES,2026-07-07T00:00:00Z,95648.60546875,303.45849990844727,0.12975000962615013,0,0,0
ONAQ,2026-07-07T00:00:00Z,82258.4072265625,301.4335060119629,0.08287500403821468,0,0,0
ORNL,2026-07-07T00:00:00Z,96888.005859375,296.1835021972656,0.3173750191926956,0,0,0
OSBS,2026-07-07T00:00:00Z,101320.20703125,302.45850372314453,0.14887500647455454,0,0,0
PUUM,2026-07-07T00:00:00Z,80880.005859375,295.2835006713867,0.23575001396238804,0,0,0
RMNP,2026-07-07T00:00:00Z,75002.4072265625,290.89599990844727,0.10962500609457493,0,0,0
SCBI,2026-07-07T00:00:00Z,99002.8076171875,296.2960014343262,0.3215000182390213,0,0,0
SERC,2026-07-07T00:00:00Z,101305.607421875,NA,NA,NA,NA,0
SJER,2026-07-07T00:00:00Z,94245.806640625,298.74600982666016,0.04687500232830644,0,0,0
SOAP,2026-07-07T00:00:00Z,94245.806640625,298.74600982666016,0.04687500232830644,0,0,0
SRER,2026-07-07T00:00:00Z,89967.2060546875,310.6334991455078,0.0897500030696392,0,0,0
STEI,2026-07-07T00:00:00Z,96246.8076171875,293.08349990844727,0.21800000965595245,0,0,0
STER,2026-07-07T00:00:00Z,87266.8076171875,302.25849533081055,0.124250004068017,0,0,0
TALL,2026-07-07T00:00:00Z,100416.2080078125,298.8710021972656,0.26112501323223114,0,0,0
TEAK,2026-07-07T00:00:00Z,80514.20703125,291.3085021972656,0.07987500540912151,0,0,0
TOOL,2026-07-07T00:00:00Z,89499.4072265625,286.3085021972656,0.20925001055002213,0,0,0
TREE,2026-07-07T00:00:00Z,96246.8076171875,293.08349990844727,0.21800000965595245,0,0,0
UKFS,2026-07-07T00:00:00Z,98345.6064453125,296.7460021972656,0.20425001345574856,0,0,0
UNDE,2026-07-07T00:00:00Z,95842.40625,292.9460029602051,0.20587501116096973,0,0,0
WOOD,2026-07-07T00:00:00Z,95934.20703125,294.09599685668945,0.13375000283122063,0,0,0
WREF,2026-07-07T00:00:00Z,92411.8076171875,291.07100677490234,0.2317500077188015,0,0,0
YELL,2026-07-07T00:00:00Z,76519.8076171875,287.7334976196289,0.19812501035630703,0,0,0
ABBY,2026-07-08T00:00:00Z,97185.720703125,288.6382598876953,0.18862500973045826,0,0,0
BARR,2026-07-08T00:00:00Z,100583.3193359375,NA,NA,0,0,0.20999999344348907
BART,2026-07-08T00:00:00Z,95625.3193359375,289.6132583618164,0.2481250111013651,0,0,0
BLAN,2026-07-08T00:00:00Z,99105.119140625,295.5132637023926,0.31325000897049904,0,0,0
BONA,2026-07-08T00:00:00Z,96416.5205078125,289.6382598876953,0.17987500689923763,0,0,0
CLBJ,2026-07-08T00:00:00Z,98265.51953125,301.8882598876953,0.14525000378489494,0,0,0
CPER,2026-07-08T00:00:00Z,83376.9189453125,299.1257629394531,0.09387500584125519,0,0,0
DCFS,2026-07-08T00:00:00Z,95733.3203125,291.9757614135742,0.12450000364333391,0,0,0
DEJU,2026-07-08T00:00:00Z,94404.5205078125,287.6882553100586,0.2213750146329403,0,0,0
DELA,2026-07-08T00:00:00Z,101084.720703125,299.8257637023926,0.2102500107139349,0,0,0
DSNY,2026-07-08T00:00:00Z,101495.51953125,303.6632614135742,0.16237500496208668,0,0,0
GRSM,2026-07-08T00:00:00Z,91651.12109375,292.9882583618164,0.2878750152885914,0,0,0
GUAN,2026-07-08T00:00:00Z,100618.71875,300.61325454711914,0.17162500508129597,0,0,0
HARV,2026-07-08T00:00:00Z,98506.720703125,289.98825454711914,0.28025001287460327,0,0,0
HEAL,2026-07-08T00:00:00Z,92919.5185546875,286.4882621765137,0.19000000692903996,0,0,0
JERC,2026-07-08T00:00:00Z,101044.3193359375,302.0507583618164,0.11862500384449959,0,0,0
JORN,2026-07-08T00:00:00Z,86428.9189453125,307.5757598876953,0.12312500458210707,0,0,0
KONA,2026-07-08T00:00:00Z,97045.9189453125,297.17575454711914,0.22162500955164433,0,0,0
KONZ,2026-07-08T00:00:00Z,97045.9189453125,297.17575454711914,0.22162500955164433,0,0,0
LAJA,2026-07-08T00:00:00Z,100618.71875,300.61325454711914,0.17162500508129597,0,0,0
LENO,2026-07-08T00:00:00Z,100971.7197265625,299.87575912475586,0.2350000161677599,0,0,0
MLBS,2026-07-08T00:00:00Z,93666.1201171875,294.4632568359375,0.26137501187622547,0,0,0
MOAB,2026-07-08T00:00:00Z,80143.919921875,297.9382629394531,0.0726250046864152,0,0,0
NIWO,2026-07-08T00:00:00Z,74605.919921875,289.63825607299805,0.10087500419467688,0,0,0
NOGP,2026-07-08T00:00:00Z,94951.51953125,292.9007568359375,0.1387500036507845,0,0,0
OAES,2026-07-08T00:00:00Z,95532.7197265625,304.41325759887695,0.12325000390410423,0,0,0
ONAQ,2026-07-08T00:00:00Z,82357.919921875,301.78825759887695,0.09162500686943531,0,0,0
ORNL,2026-07-08T00:00:00Z,97032.9189453125,295.68825912475586,0.3165000155568123,0,0,0
OSBS,2026-07-08T00:00:00Z,101443.3193359375,302.7007598876953,0.13837500661611557,0,0,0
PUUM,2026-07-08T00:00:00Z,80918.51953125,295.58826446533203,0.25950001180171967,0,0,0
RMNP,2026-07-08T00:00:00Z,75043.3203125,290.2507553100586,0.09162500686943531,0,0,0
SCBI,2026-07-08T00:00:00Z,99105.119140625,295.5132637023926,0.31325000897049904,0,0,0
SERC,2026-07-08T00:00:00Z,101448.919921875,NA,NA,NA,NA,0
SJER,2026-07-08T00:00:00Z,94419.3193359375,298.6132583618164,0.04687500232830644,0,0,0
SOAP,2026-07-08T00:00:00Z,94419.3193359375,298.6132583618164,0.04687500232830644,0,0,0
SRER,2026-07-08T00:00:00Z,90093.3193359375,310.33826065063477,0.09062500577419996,0,0,0
STEI,2026-07-08T00:00:00Z,96042.919921875,293.8007621765137,0.24062501266598701,0,0,0
STER,2026-07-08T00:00:00Z,87251.51953125,300.13826751708984,0.1347500067204237,0,0,0
TALL,2026-07-08T00:00:00Z,100611.9208984375,299.2382621765137,0.2516250107437372,0,0,0
TEAK,2026-07-08T00:00:00Z,80659.3193359375,291.81325912475586,0.0761250052601099,0,0,0
TOOL,2026-07-08T00:00:00Z,89041.9189453125,287.5257568359375,0.20600000955164433,0,0,0
TREE,2026-07-08T00:00:00Z,96042.919921875,293.8007621765137,0.24062501266598701,0,0,0
UKFS,2026-07-08T00:00:00Z,98231.51953125,297.1757583618164,0.20350001193583012,0,0,0
UNDE,2026-07-08T00:00:00Z,95675.1181640625,293.0882568359375,0.2167500127106905,0,0,0
WOOD,2026-07-08T00:00:00Z,95733.3203125,291.9757614135742,0.12450000364333391,0,0,0
WREF,2026-07-08T00:00:00Z,92740.9189453125,290.0757598876953,0.22700001299381256,0,0,0
YELL,2026-07-08T00:00:00Z,76612.119140625,287.7007598876953,0.1876250095665455,0,0,0
ABBY,2026-07-09T00:00:00Z,97190.416015625,288.0007514953613,0.18787500821053982,0,0,0
BARR,2026-07-09T00:00:00Z,100924.615234375,NA,NA,0,0,0.20249998942017555
BART,2026-07-09T00:00:00Z,95098.6171875,290.96326446533203,0.24612500704824924,0,0,0
BLAN,2026-07-09T00:00:00Z,98775.4169921875,295.21326065063477,0.2978750094771385,0,0,0
BONA,2026-07-09T00:00:00Z,96907.2177734375,287.41325759887695,0.19275000877678394,0,0,0
CLBJ,2026-07-09T00:00:00Z,98025.615234375,303.9257583618164,0.13125000335276127,0,0,0
CPER,2026-07-09T00:00:00Z,83230.017578125,297.9382553100586,0.08750000596046448,0,0,0
DCFS,2026-07-09T00:00:00Z,95485.2158203125,291.4132537841797,0.15875001065433025,0,0,0
DEJU,2026-07-09T00:00:00Z,94804.216796875,285.2757568359375,0.2921250145882368,0,0,0
DELA,2026-07-09T00:00:00Z,101056.6162109375,299.5382499694824,0.22412501275539398,0,0,0
DSNY,2026-07-09T00:00:00Z,101487.416015625,303.4007568359375,0.16187500767409801,0,0,0
GRSM,2026-07-09T00:00:00Z,91611.015625,292.4882583618164,0.28937501460313797,0,0,0
GUAN,2026-07-09T00:00:00Z,100603.416015625,300.95075607299805,0.18162500858306885,0,0,0
HARV,2026-07-09T00:00:00Z,98057.2177734375,291.6007614135742,0.26775001361966133,0,0,0
HEAL,2026-07-09T00:00:00Z,93512.8173828125,284.6382598876953,0.2023750115185976,0,0,0
JERC,2026-07-09T00:00:00Z,101079.818359375,302.13825607299805,0.1018750062212348,0,0,0
JORN,2026-07-09T00:00:00Z,86196.0166015625,308.3882598876953,0.10475000459700823,0,0,0
KONA,2026-07-09T00:00:00Z,96525.6162109375,299.31325912475586,0.16187500394880772,0,0,0
KONZ,2026-07-09T00:00:00Z,96525.6162109375,299.31325912475586,0.16187500394880772,0,0,0
LAJA,2026-07-09T00:00:00Z,100603.416015625,300.95075607299805,0.18162500858306885,0,0,0
LENO,2026-07-09T00:00:00Z,100954.6171875,300.0382499694824,0.2297500092536211,0,0,0
MLBS,2026-07-09T00:00:00Z,93539.615234375,294.1757583618164,0.2562500163912773,0,0,0
MOAB,2026-07-09T00:00:00Z,79904.2177734375,299.21325302124023,0.06887500546872616,0,0,0
NIWO,2026-07-09T00:00:00Z,74422.81640625,289.3632583618164,0.10762500390410423,0,0,0
NOGP,2026-07-09T00:00:00Z,94571.81640625,293.0382537841797,0.12975000962615013,0,0,0
OAES,2026-07-09T00:00:00Z,95215.615234375,306.5632553100586,0.0978750055655837,0,0,0
ONAQ,2026-07-09T00:00:00Z,82206.2158203125,302.08826065063477,0.08012500405311584,0,0,0
ORNL,2026-07-09T00:00:00Z,96980.416015625,295.3632583618164,0.3056250102818012,0,0,0
OSBS,2026-07-09T00:00:00Z,101447.2177734375,303.5257568359375,0.12700000498443842,0,0,0
PUUM,2026-07-09T00:00:00Z,81071.216796875,295.35075759887695,0.2776250131428242,0,0,0
RMNP,2026-07-09T00:00:00Z,74853.81640625,289.65076065063477,0.1306250113993883,0,0,0
SCBI,2026-07-09T00:00:00Z,98775.4169921875,295.21326065063477,0.2978750094771385,0,0,0
SERC,2026-07-09T00:00:00Z,101136.8154296875,NA,NA,NA,NA,0
SJER,2026-07-09T00:00:00Z,94277.6162109375,298.5257568359375,0.04687500232830644,0,0,0
SOAP,2026-07-09T00:00:00Z,94277.6162109375,298.5257568359375,0.04687500232830644,0,0,0
SRER,2026-07-09T00:00:00Z,89948.0166015625,310.58825302124023,0.0767500065267086,0,0,0
STEI,2026-07-09T00:00:00Z,95669.8173828125,292.1382637023926,0.264500018209219,0,0,0
STER,2026-07-09T00:00:00Z,87093.416015625,299.6882553100586,0.13362500630319118,0,0,0
TALL,2026-07-09T00:00:00Z,100586.81640625,299.2007598876953,0.2565000131726265,0,0,0
TEAK,2026-07-09T00:00:00Z,80582.8154296875,292.2632484436035,0.07187500409781933,0,0,0
TOOL,2026-07-09T00:00:00Z,89286.015625,286.6507568359375,0.20525001175701618,0,0,0
TREE,2026-07-09T00:00:00Z,95669.8173828125,292.1382637023926,0.264500018209219,0,0,0
UKFS,2026-07-09T00:00:00Z,97743.615234375,297.97575759887695,0.1751250121742487,0,0,0
UNDE,2026-07-09T00:00:00Z,95333.017578125,291.10075759887695,0.23400000855326653,0,0,0
WOOD,2026-07-09T00:00:00Z,95485.2158203125,291.4132537841797,0.15875001065433025,0,0,0
WREF,2026-07-09T00:00:00Z,92752.2158203125,289.01325607299805,0.22487500868737698,0,0,0
YELL,2026-07-09T00:00:00Z,76472.2158203125,287.5257568359375,0.18837500922381878,0,0,0
ABBY,2026-07-10T00:00:00Z,96675.7880859375,288.15850830078125,0.18562500551342964,0,0,0
BARR,2026-07-10T00:00:00Z,101236.5888671875,NA,NA,0,0,0.19999998807907104
BART,2026-07-10T00:00:00Z,94826.388671875,291.85850524902344,0.2541250139474869,0,0,0
BLAN,2026-07-10T00:00:00Z,98651.1884765625,295.42100524902344,0.3046250194311142,0,0,0
BONA,2026-07-10T00:00:00Z,97360.9873046875,285.5585021972656,0.21387501247227192,0,0,0
CLBJ,2026-07-10T00:00:00Z,97993.388671875,304.59600830078125,0.13175000250339508,0,0,0
CPER,2026-07-10T00:00:00Z,83207.388671875,297.596004486084,0.09112500678747892,0,0,0
DCFS,2026-07-10T00:00:00Z,95156.9873046875,293.1709976196289,0.1827500108629465,0,0,0
DEJU,2026-07-10T00:00:00Z,95257.587890625,283.4960060119629,0.32862501591444016,0,0,0
DELA,2026-07-10T00:00:00Z,101106.7890625,299.42100524902344,0.2375000100582838,0,0,0
DSNY,2026-07-10T00:00:00Z,101525.388671875,303.2460021972656,0.1691250056028366,0,0,0
GRSM,2026-07-10T00:00:00Z,91663.1884765625,292.4710006713867,0.3032500147819519,0,0,0
GUAN,2026-07-10T00:00:00Z,100677.787109375,301.3460006713867,0.17162500880658627,0,0,0
HARV,2026-07-10T00:00:00Z,97718.7880859375,292.95850372314453,0.27300001308321953,0,0,0
HEAL,2026-07-10T00:00:00Z,93899.3876953125,282.7460060119629,0.2821250148117542,0,0,0
JERC,2026-07-10T00:00:00Z,101127.1884765625,302.4834976196289,0.08325000572949648,0,0,0
JORN,2026-07-10T00:00:00Z,86023.986328125,309.62099838256836,0.10475000645965338,0,0,0
KONA,2026-07-10T00:00:00Z,96630.3876953125,298.10850524902344,0.1815000046044588,0,0,0
KONZ,2026-07-10T00:00:00Z,96630.3876953125,298.10850524902344,0.1815000046044588,0,0,0
LAJA,2026-07-10T00:00:00Z,100677.787109375,301.3460006713867,0.17162500880658627,0,0,0
LENO,2026-07-10T00:00:00Z,101003.9892578125,299.9335021972656,0.23050001077353954,0,0,0
MLBS,2026-07-10T00:00:00Z,93544.98828125,293.1960029602051,0.25325001031160355,0,0,0
MOAB,2026-07-10T00:00:00Z,79817.1875,299.29600524902344,0.06400000303983688,0,0,0
NIWO,2026-07-10T00:00:00Z,74370.7880859375,288.08349990844727,0.12650000397115946,0,0,0
NOGP,2026-07-10T00:00:00Z,94286.7880859375,294.95849990844727,0.11262500658631325,0,0,0
OAES,2026-07-10T00:00:00Z,95171.1875,306.5710029602051,0.10000000335276127,0,0,0
ONAQ,2026-07-10T00:00:00Z,82066.9873046875,301.7460060119629,0.0700000012293458,0,0,0
ORNL,2026-07-10T00:00:00Z,97016.1884765625,294.9710006713867,0.3231250196695328,0,0,0
OSBS,2026-07-10T00:00:00Z,101491.1884765625,303.47099685668945,0.12525000423192978,0,0,0
PUUM,2026-07-10T00:00:00Z,81145.9873046875,294.05849838256836,0.2840000092983246,0,0,0
RMNP,2026-07-10T00:00:00Z,74828.3876953125,288.35850524902344,0.14525001123547554,0,0,0
SCBI,2026-07-10T00:00:00Z,98651.1884765625,295.42100524902344,0.3046250194311142,0,0,0
SERC,2026-07-10T00:00:00Z,100870.587890625,NA,NA,NA,NA,0
SJER,2026-07-10T00:00:00Z,94018.587890625,299.14600372314453,0.04687500232830644,0,0,0
SOAP,2026-07-10T00:00:00Z,94018.587890625,299.14600372314453,0.04687500232830644,0,0,0
SRER,2026-07-10T00:00:00Z,89897.990234375,310.2335014343262,0.09237500559538603,0,0,0
STEI,2026-07-10T00:00:00Z,95798.7890625,292.85850524902344,0.23725000955164433,0,0,0
STER,2026-07-10T00:00:00Z,87101.98828125,299.27100372314453,0.11987500451505184,0,0,0
TALL,2026-07-10T00:00:00Z,100637.1904296875,299.0459976196289,0.2591250091791153,0,0,0
TEAK,2026-07-10T00:00:00Z,80423.9892578125,292.33349609375,0.07375000230967999,0,0,0
TOOL,2026-07-10T00:00:00Z,89610.5869140625,286.6335029602051,0.20662501081824303,0,0,0
TREE,2026-07-10T00:00:00Z,95798.7890625,292.85850524902344,0.23725000955164433,0,0,0
UKFS,2026-07-10T00:00:00Z,97768.5869140625,297.00850677490234,0.20100000873208046,0,0,0
UNDE,2026-07-10T00:00:00Z,95452.3896484375,291.8210029602051,0.21725000999867916,0,0,0
WOOD,2026-07-10T00:00:00Z,95156.9873046875,293.1709976196289,0.1827500108629465,0,0,0
WREF,2026-07-10T00:00:00Z,92288.1884765625,289.02100372314453,0.22112501226365566,0,0,0
YELL,2026-07-10T00:00:00Z,76370.3896484375,288.3085021972656,0.18512500636279583,0,0,0
ABBY,2026-07-11T00:00:00Z,96611.4580078125,288.44876861572266,0.1860000044107437,0,0,0
BARR,2026-07-11T00:00:00Z,100959.4580078125,NA,NA,0,0,0.1912499964237213
BART,2026-07-11T00:00:00Z,95395.8583984375,291.173770904541,0.24650000780820847,0,0,0
BLAN,2026-07-11T00:00:00Z,98814.0595703125,295.12377166748047,0.28200001269578934,0,0,0
BONA,2026-07-11T00:00:00Z,96689.2587890625,287.97377014160156,0.20375001057982445,0,0,0
CLBJ,2026-07-11T00:00:00Z,98173.2587890625,304.17377853393555,0.11225000582635403,0,0,0
CPER,2026-07-11T00:00:00Z,83398.0576171875,299.2112731933594,0.10025000385940075,0,0,0
DCFS,2026-07-11T00:00:00Z,95358.658203125,295.111270904541,0.16312500834465027,0,0,0
DEJU,2026-07-11T00:00:00Z,94681.0595703125,286.04876708984375,0.2918750159442425,0,0,0
DELA,2026-07-11T00:00:00Z,101162.658203125,299.1862678527832,0.22937500849366188,0,0,0
DSNY,2026-07-11T00:00:00Z,101605.2578125,302.0612678527832,0.17575000785291195,0,0,0
GRSM,2026-07-11T00:00:00Z,91718.2587890625,292.2487678527832,0.29625001549720764,0,0,0
GUAN,2026-07-11T00:00:00Z,100643.458984375,301.37377166748047,0.1633750069886446,0,0,0
HARV,2026-07-11T00:00:00Z,98250.05859375,292.61126708984375,0.2693750225007534,0,0,0
HEAL,2026-07-11T00:00:00Z,93218.458984375,285.236270904541,0.2525000125169754,0,0,0
JERC,2026-07-11T00:00:00Z,101190.658203125,301.7112731933594,0.10637500416487455,0,0,0
JORN,2026-07-11T00:00:00Z,86119.658203125,308.6362648010254,0.09962500352412462,0,0,0
KONA,2026-07-11T00:00:00Z,97073.658203125,297.173770904541,0.21562501043081284,0,0,0
KONZ,2026-07-11T00:00:00Z,97073.658203125,297.173770904541,0.21562501043081284,0,0,0
LAJA,2026-07-11T00:00:00Z,100643.458984375,301.37377166748047,0.1633750069886446,0,0,0
LENO,2026-07-11T00:00:00Z,101042.458984375,300.0112724304199,0.23425001464784145,0,0,0
MLBS,2026-07-11T00:00:00Z,93602.658203125,292.5237693786621,0.2705000154674053,0,0,0
MOAB,2026-07-11T00:00:00Z,79971.6591796875,299.0612678527832,0.06212500249966979,0,0,0
NIWO,2026-07-11T00:00:00Z,74580.8583984375,289.048770904541,0.12700000498443842,0,0,0
NOGP,2026-07-11T00:00:00Z,94470.458984375,297.16127014160156,0.14287501014769077,0,0,0
OAES,2026-07-11T00:00:00Z,95435.658203125,305.72377014160156,0.10150000546127558,0,0,0
ONAQ,2026-07-11T00:00:00Z,82212.8583984375,302.2737693786621,0.07662500627338886,0,0,0
ORNL,2026-07-11T00:00:00Z,97072.859375,294.7737731933594,0.33525001257658005,0,0,0
OSBS,2026-07-11T00:00:00Z,101563.6591796875,302.861270904541,0.11975000612437725,0,0,0
PUUM,2026-07-11T00:00:00Z,81061.05859375,295.56127166748047,0.25975000858306885,0,0,0
RMNP,2026-07-11T00:00:00Z,75026.859375,289.03627014160156,0.12437500152736902,0,0,0
SCBI,2026-07-11T00:00:00Z,98814.0595703125,295.12377166748047,0.28200001269578934,0,0,0
SERC,2026-07-11T00:00:00Z,101047.859375,NA,NA,NA,NA,0
SJER,2026-07-11T00:00:00Z,94023.658203125,300.19876861572266,0.04687500232830644,0,0,0
SOAP,2026-07-11T00:00:00Z,94023.658203125,300.19876861572266,0.04687500232830644,0,0,0
SRER,2026-07-11T00:00:00Z,89997.8583984375,310.22377014160156,0.10962500609457493,0,0,0
STEI,2026-07-11T00:00:00Z,96217.2578125,292.13626861572266,0.24737500958144665,0,0,0
STER,2026-07-11T00:00:00Z,87341.2587890625,300.07376861572266,0.1333750057965517,0,0,0
TALL,2026-07-11T00:00:00Z,100696.05859375,299.24877166748047,0.24375001154839993,0,0,0
TEAK,2026-07-11T00:00:00Z,80486.259765625,293.298770904541,0.07287500612437725,0,0,0
TOOL,2026-07-11T00:00:00Z,89181.859375,285.3737678527832,0.2213750071823597,0,0,0
TREE,2026-07-11T00:00:00Z,96217.2578125,292.13626861572266,0.24737500958144665,0,0,0
UKFS,2026-07-11T00:00:00Z,98149.8583984375,296.62377548217773,0.20162500999867916,0,0,0
UNDE,2026-07-11T00:00:00Z,95834.2587890625,292.3612632751465,0.21825001016259193,0,0,0
WOOD,2026-07-11T00:00:00Z,95358.658203125,295.111270904541,0.16312500834465027,0,0,0
WREF,2026-07-11T00:00:00Z,92234.05859375,289.1862678527832,0.22037501260638237,0,0,0
YELL,2026-07-11T00:00:00Z,76480.4599609375,289.048770904541,0.17012500576674938,0,0,0
ABBY,2026-07-12T00:00:00Z,97045.29296875,287.655517578125,0.18137500993907452,0,0,0
BARR,2026-07-12T00:00:00Z,100652.8916015625,NA,NA,0,0,0.1874999962747097
BART,2026-07-12T00:00:00Z,95964.291015625,290.1805191040039,0.2395000085234642,0,0,0
BLAN,2026-07-12T00:00:00Z,99250.4912109375,295.19301986694336,0.2788750156760216,0,0,0
BONA,2026-07-12T00:00:00Z,96618.69140625,289.06801986694336,0.19350000470876694,0,0,0
CLBJ,2026-07-12T00:00:00Z,98316.091796875,304.1805229187012,0.11212500464171171,0,0,0
CPER,2026-07-12T00:00:00Z,83647.69140625,300.8805236816406,0.11675000749528408,0,0,0
DCFS,2026-07-12T00:00:00Z,95562.291015625,297.88053131103516,0.12987500242888927,0,0,0
DEJU,2026-07-12T00:00:00Z,94546.890625,288.5055274963379,0.2652500122785568,0,0,0
DELA,2026-07-12T00:00:00Z,101105.6923828125,300.230525970459,0.2097500078380108,0,0,0
DSNY,2026-07-12T00:00:00Z,101586.291015625,302.1680221557617,0.1627500094473362,0,0,0
GRSM,2026-07-12T00:00:00Z,91709.291015625,292.0805244445801,0.3148750178515911,0,0,0
GUAN,2026-07-12T00:00:00Z,100616.291015625,300.88051986694336,0.149750005453825,0,0,0
HARV,2026-07-12T00:00:00Z,98831.4912109375,292.5555229187012,0.24900000356137753,0,0,0
HEAL,2026-07-12T00:00:00Z,93202.0908203125,285.5430221557617,0.23012501001358032,0,0,0
JERC,2026-07-12T00:00:00Z,101113.2900390625,302.5055236816406,0.083000005222857,0,0,0
JORN,2026-07-12T00:00:00Z,86391.892578125,307.78052520751953,0.11950000654906034,0,0,0
KONA,2026-07-12T00:00:00Z,97447.291015625,296.8055305480957,0.2328750155866146,0,0,0
KONZ,2026-07-12T00:00:00Z,97447.291015625,296.8055305480957,0.2328750155866146,0,0,0
LAJA,2026-07-12T00:00:00Z,100616.291015625,300.88051986694336,0.149750005453825,0,0,0
LENO,2026-07-12T00:00:00Z,101006.2900390625,300.6930274963379,0.21775000914931297,0,0,0
MLBS,2026-07-12T00:00:00Z,93797.69140625,291.730525970459,0.27150001376867294,0,0,0
MOAB,2026-07-12T00:00:00Z,80138.4921875,300.3555221557617,0.0657500009983778,0,0,0
NIWO,2026-07-12T00:00:00Z,74836.091796875,290.7930221557617,0.10800000466406345,0,0,0
NOGP,2026-07-12T00:00:00Z,94638.6923828125,299.69301986694336,0.11712500546127558,0,0,0
OAES,2026-07-12T00:00:00Z,95688.69140625,305.34302520751953,0.1378750056028366,0,0,0
ONAQ,2026-07-12T00:00:00Z,82371.0908203125,304.0805206298828,0.08150000218302011,0,0,0
ORNL,2026-07-12T00:00:00Z,97069.69140625,295.0180206298828,0.3580000177025795,0,0,0
OSBS,2026-07-12T00:00:00Z,101559.8916015625,301.918025970459,0.14087500795722008,0,0,0
PUUM,2026-07-12T00:00:00Z,81002.6904296875,294.9930229187012,0.2478750105947256,0,0,0
RMNP,2026-07-12T00:00:00Z,75284.6904296875,290.3180236816406,0.09612500201910734,0,0,0
SCBI,2026-07-12T00:00:00Z,99250.4912109375,295.19301986694336,0.2788750156760216,0,0,0
SERC,2026-07-12T00:00:00Z,101557.091796875,NA,NA,NA,NA,0
SJER,2026-07-12T00:00:00Z,94156.291015625,300.9930305480957,0.04687500232830644,0,0,0
SOAP,2026-07-12T00:00:00Z,94156.291015625,300.9930305480957,0.04687500232830644,0,0,0
SRER,2026-07-12T00:00:00Z,90092.8916015625,309.09302520751953,0.15262500755488873,0,0,0
STEI,2026-07-12T00:00:00Z,96545.4921875,293.4430236816406,0.2446250095963478,0,0,0
STER,2026-07-12T00:00:00Z,87612.892578125,301.15552520751953,0.12912500742822886,0,0,0
TALL,2026-07-12T00:00:00Z,100628.4912109375,299.9305229187012,0.2447500117123127,0,0,0
TEAK,2026-07-12T00:00:00Z,80597.0908203125,293.8305206298828,0.06975000165402889,0,0,0
TOOL,2026-07-12T00:00:00Z,88741.291015625,286.04301834106445,0.22050001472234726,0,0,0
TREE,2026-07-12T00:00:00Z,96545.4921875,293.4430236816406,0.2446250095963478,0,0,0
UKFS,2026-07-12T00:00:00Z,98577.2919921875,296.3680229187012,0.22812500782310963,0,0,0
UNDE,2026-07-12T00:00:00Z,96118.4921875,293.90552139282227,0.21237501315772533,0,0,0
WOOD,2026-07-12T00:00:00Z,95562.291015625,297.88053131103516,0.12987500242888927,0,0,0
WREF,2026-07-12T00:00:00Z,92615.091796875,288.0180206298828,0.21712500788271427,0,0,0
YELL,2026-07-12T00:00:00Z,76762.291015625,290.3055229187012,0.1621250044554472,0,0,0
ABBY,2026-07-13T00:00:00Z,96980.84375,287.88050079345703,0.18175001069903374,0,0,0
BARR,2026-07-13T00:00:00Z,100956.6435546875,NA,NA,0,0,0.1824999935925007
BART,2026-07-13T00:00:00Z,95982.6435546875,290.21800231933594,0.2426250148564577,0,0,0
BLAN,2026-07-13T00:00:00Z,99641.2451171875,294.0804977416992,0.29250001162290573,0,0,0
BONA,2026-07-13T00:00:00Z,97126.4443359375,287.4679985046387,0.21450001187622547,0,0,0
CLBJ,2026-07-13T00:00:00Z,98390.0439453125,302.3554992675781,0.18700001016259193,0,0,0
CPER,2026-07-13T00:00:00Z,83613.4443359375,301.7430000305176,0.07550000492483377,0,0,0
DCFS,2026-07-13T00:00:00Z,95587.4443359375,298.25549697875977,0.13975000567734241,0,0,0
DEJU,2026-07-13T00:00:00Z,95037.0439453125,287.5179977416992,0.25437501445412636,0,0,0
DELA,2026-07-13T00:00:00Z,101035.8427734375,299.56799697875977,0.24975001066923141,0,0,0
DSNY,2026-07-13T00:00:00Z,101556.0439453125,302.7304992675781,0.15437500551342964,0,0,0
GRSM,2026-07-13T00:00:00Z,91675.443359375,291.56799697875977,0.3176250159740448,0,0,0
GUAN,2026-07-13T00:00:00Z,100618.4443359375,301.00549697875977,0.15150000900030136,0,0,0
HARV,2026-07-13T00:00:00Z,98991.0439453125,292.46800231933594,0.24562500789761543,0,0,0
HEAL,2026-07-13T00:00:00Z,93672.244140625,283.8930015563965,0.2187500111758709,0,0,0
JERC,2026-07-13T00:00:00Z,101090.84375,301.1179962158203,0.125625004991889,0,0,0
JORN,2026-07-13T00:00:00Z,86489.8427734375,305.3930015563965,0.1287500075995922,0,0,0
KONA,2026-07-13T00:00:00Z,97570.64453125,297.39299392700195,0.1932500097900629,0,0,0
KONZ,2026-07-13T00:00:00Z,97570.64453125,297.39299392700195,0.1932500097900629,0,0,0
LAJA,2026-07-13T00:00:00Z,100618.4443359375,301.00549697875977,0.15150000900030136,0,0,0
LENO,2026-07-13T00:00:00Z,100965.6435546875,299.31800079345703,0.2691250164061785,0,0,0
MLBS,2026-07-13T00:00:00Z,94056.4443359375,291.4554977416992,0.28050001710653305,0,0,0
MOAB,2026-07-13T00:00:00Z,80179.8447265625,298.9679985046387,0.07387500163167715,0,0,0
NIWO,2026-07-13T00:00:00Z,74742.84375,291.4304962158203,0.10575000569224358,0,0,0
NOGP,2026-07-13T00:00:00Z,94625.244140625,301.9929962158203,0.09800000488758087,0,0,0
OAES,2026-07-13T00:00:00Z,95924.6435546875,303.7055015563965,0.12912500742822886,0,0,0
ONAQ,2026-07-13T00:00:00Z,82353.04296875,304.78050231933594,0.07287500612437725,0,0,0
ORNL,2026-07-13T00:00:00Z,97077.64453125,294.6805000305176,0.3577500134706497,0,0,0
OSBS,2026-07-13T00:00:00Z,101553.64453125,300.7930030822754,0.14675000682473183,0,0,0
PUUM,2026-07-13T00:00:00Z,80904.044921875,292.75550079345703,0.2576250098645687,0,0,0
RMNP,2026-07-13T00:00:00Z,75191.443359375,290.94299697875977,0.12250000424683094,0,0,0
SCBI,2026-07-13T00:00:00Z,99641.2451171875,294.0804977416992,0.29250001162290573,0,0,0
SERC,2026-07-13T00:00:00Z,102014.6435546875,NA,NA,NA,NA,0
SJER,2026-07-13T00:00:00Z,94252.6435546875,301.06799697875977,0.04687500232830644,0,0,0
SOAP,2026-07-13T00:00:00Z,94252.6435546875,301.06799697875977,0.04687500232830644,0,0,0
SRER,2026-07-13T00:00:00Z,90150.443359375,306.04299545288086,0.21162500977516174,0,0,0
STEI,2026-07-13T00:00:00Z,96484.642578125,295.31799697875977,0.22487500868737698,0,0,0
STER,2026-07-13T00:00:00Z,87625.0439453125,301.5554962158203,0.1161250052973628,0,0,0
TALL,2026-07-13T00:00:00Z,100539.2421875,299.2304992675781,0.2676250133663416,0,0,0
TEAK,2026-07-13T00:00:00Z,80640.84375,293.1554985046387,0.07087500113993883,0,0,0
TOOL,2026-07-13T00:00:00Z,89212.04296875,284.3679962158203,0.22075001522898674,0,0,0
TREE,2026-07-13T00:00:00Z,96484.642578125,295.31799697875977,0.22487500868737698,0,0,0
UKFS,2026-07-13T00:00:00Z,98702.84375,296.2429962158203,0.2156250085681677,0,0,0
UNDE,2026-07-13T00:00:00Z,96051.6435546875,295.6804962158203,0.20337500981986523,0,0,0
WOOD,2026-07-13T00:00:00Z,95587.4443359375,298.25549697875977,0.13975000567734241,0,0,0
WREF,2026-07-13T00:00:00Z,92610.642578125,288.2680015563965,0.21612500585615635,0,0,0
YELL,2026-07-13T00:00:00Z,76715.04296875,291.56799697875977,0.15737500600516796,0,0,0
ABBY,2026-07-14T00:00:00Z,96969.10546875,289.1170234680176,0.17875000461935997,0,0,0
BARR,2026-07-14T00:00:00Z,100968.705078125,NA,NA,0,0,0.17999999225139618
BART,2026-07-14T00:00:00Z,95342.3046875,291.3295211791992,0.24600000865757465,0,0,0
BLAN,2026-07-14T00:00:00Z,99522.3056640625,294.59202575683594,0.27300000935792923,0,0,0
BONA,2026-07-14T00:00:00Z,97345.9052734375,285.6295166015625,0.21712501160800457,0,0,0
CLBJ,2026-07-14T00:00:00Z,98406.9052734375,300.87952423095703,0.17462500743567944,0,0,0
CPER,2026-07-14T00:00:00Z,83603.7041015625,301.31702041625977,0.07575000450015068,0,0,0
DCFS,2026-07-14T00:00:00Z,95744.705078125,299.1295166015625,0.12350000254809856,0,0,0
DEJU,2026-07-14T00:00:00Z,95294.10546875,286.4545249938965,0.24300001375377178,0,0,0
DELA,2026-07-14T00:00:00Z,101024.10546875,298.0295219421387,0.26987501233816147,0,0,0
DSNY,2026-07-14T00:00:00Z,101537.705078125,300.5920219421387,0.17675000615417957,0,0,0
GRSM,2026-07-14T00:00:00Z,91830.90625,291.6420211791992,0.3295000158250332,0,0,0
GUAN,2026-07-14T00:00:00Z,100614.1044921875,301.02952575683594,0.16587501019239426,0,0,0
HARV,2026-07-14T00:00:00Z,98421.50390625,293.3045196533203,0.24687501043081284,0,0,0
HEAL,2026-07-14T00:00:00Z,93781.3046875,282.6170234680176,0.21437500976026058,0,0,0
JERC,2026-07-14T00:00:00Z,101065.5068359375,299.29201889038086,0.15287500619888306,0,0,0
JORN,2026-07-14T00:00:00Z,86468.3056640625,306.4295234680176,0.12700000405311584,0,0,0
KONA,2026-07-14T00:00:00Z,97527.5048828125,297.15452575683594,0.180250009521842,0,0,0
KONZ,2026-07-14T00:00:00Z,97527.5048828125,297.15452575683594,0.180250009521842,0,0,0
LAJA,2026-07-14T00:00:00Z,100614.1044921875,301.02952575683594,0.16587501019239426,0,0,0
LENO,2026-07-14T00:00:00Z,100939.1064453125,297.8045234680176,0.2667500153183937,0,0,0
MLBS,2026-07-14T00:00:00Z,94161.90625,291.1545219421387,0.26212500780820847,0,0,0
MOAB,2026-07-14T00:00:00Z,80175.10546875,298.81702041625977,0.10562500543892384,0,0,0
NIWO,2026-07-14T00:00:00Z,74709.505859375,291.8420219421387,0.10962500609457493,0,0,0
NOGP,2026-07-14T00:00:00Z,94852.505859375,302.2920227050781,0.08787500485777855,0,0,0
OAES,2026-07-14T00:00:00Z,95876.90625,303.0045280456543,0.12187500577419996,0,0,0
ONAQ,2026-07-14T00:00:00Z,82458.3056640625,304.1795196533203,0.06562500167638063,0,0,0
ORNL,2026-07-14T00:00:00Z,97243.3056640625,294.56702041625977,0.3368750177323818,0,0,0
OSBS,2026-07-14T00:00:00Z,101482.1064453125,299.5795211791992,0.15250000543892384,0,0,0
PUUM,2026-07-14T00:00:00Z,80768.5048828125,294.04201889038086,0.27150001749396324,0,0,0
RMNP,2026-07-14T00:00:00Z,75171.505859375,291.56702041625977,0.1243750024586916,0,0,0
SCBI,2026-07-14T00:00:00Z,99522.3056640625,294.59202575683594,0.27300000935792923,0,0,0
SERC,2026-07-14T00:00:00Z,101849.70703125,NA,NA,NA,NA,0
SJER,2026-07-14T00:00:00Z,94376.5048828125,301.49202728271484,0.04687500232830644,0,0,0
SOAP,2026-07-14T00:00:00Z,94376.5048828125,301.49202728271484,0.04687500232830644,0,0,0
SRER,2026-07-14T00:00:00Z,90218.5048828125,305.2170295715332,0.21375000849366188,0,0,0
STEI,2026-07-14T00:00:00Z,96437.7060546875,296.9295234680176,0.2160000056028366,0,0,0
STER,2026-07-14T00:00:00Z,87601.7041015625,302.0045280456543,0.09487500321120024,0,0,0
TALL,2026-07-14T00:00:00Z,100545.705078125,297.8420219421387,0.3005000166594982,0,0,0
TEAK,2026-07-14T00:00:00Z,80747.705078125,291.5545196533203,0.09475000482052565,0,0,0
TOOL,2026-07-14T00:00:00Z,89408.103515625,283.1545219421387,0.2127500120550394,0,0,0
TREE,2026-07-14T00:00:00Z,96437.7060546875,296.9295234680176,0.2160000056028366,0,0,0
UKFS,2026-07-14T00:00:00Z,98660.10546875,296.60451889038086,0.17950000800192356,0,0,0
UNDE,2026-07-14T00:00:00Z,96017.505859375,296.9795265197754,0.19637501053512096,0,0,0
WOOD,2026-07-14T00:00:00Z,95744.705078125,299.1295166015625,0.12350000254809856,0,0,0
WREF,2026-07-14T00:00:00Z,92641.5048828125,290.00452041625977,0.2122500129044056,0,0,0
YELL,2026-07-14T00:00:00Z,76822.90625,292.35451889038086,0.1535000130534172,0,0,0
ABBY,2026-07-15T00:00:00Z,97014.51171875,290.0612678527832,0.17862500436604023,0,0,0
BARR,2026-07-15T00:00:00Z,100987.3125,NA,NA,0,0,0.17125000059604645
BART,2026-07-15T00:00:00Z,94772.7119140625,292.91127014160156,0.23925000987946987,0,0,0
BLAN,2026-07-15T00:00:00Z,99101.7119140625,296.2612762451172,0.2532500196248293,0,0,0
BONA,2026-07-15T00:00:00Z,96757.9111328125,285.74877166748047,0.19312500581145287,0,0,0
CLBJ,2026-07-15T00:00:00Z,98411.111328125,300.2112731933594,0.21612500958144665,0,0,0
CPER,2026-07-15T00:00:00Z,83484.111328125,300.7112731933594,0.08087500184774399,0,0,0
DCFS,2026-07-15T00:00:00Z,95935.51171875,298.98626708984375,0.0970000047236681,0,0,0
DEJU,2026-07-15T00:00:00Z,94732.912109375,284.8737678527832,0.2578750140964985,0,0,0
DELA,2026-07-15T00:00:00Z,101105.3125,297.13626861572266,0.26400001719594,0,0,0
DSNY,2026-07-15T00:00:00Z,101495.9111328125,302.0737762451172,0.1920000072568655,0,0,0
GRSM,2026-07-15T00:00:00Z,91848.51171875,291.8112678527832,0.31200001388788223,0,0,0
GUAN,2026-07-15T00:00:00Z,100582.111328125,300.798770904541,0.16137500293552876,0,0,0
HARV,2026-07-15T00:00:00Z,97755.7119140625,295.36126708984375,0.24712500907480717,0,0,0
HEAL,2026-07-15T00:00:00Z,93275.1123046875,282.23626708984375,0.20787500776350498,0,0,0
JERC,2026-07-15T00:00:00Z,101106.1123046875,300.0862693786621,0.1502500083297491,0,0,0
JORN,2026-07-15T00:00:00Z,86366.11328125,306.173770904541,0.12125000637024641,0,0,0
KONA,2026-07-15T00:00:00Z,97388.1103515625,297.43627166748047,0.16200000420212746,0,0,0
KONZ,2026-07-15T00:00:00Z,97388.1103515625,297.43627166748047,0.16200000420212746,0,0,0
LAJA,2026-07-15T00:00:00Z,100582.111328125,300.798770904541,0.16137500293552876,0,0,0
LENO,2026-07-15T00:00:00Z,101000.310546875,297.32376861572266,0.2863750196993351,0,0,0
MLBS,2026-07-15T00:00:00Z,93931.1123046875,292.3487663269043,0.2501250058412552,0,0,0
MOAB,2026-07-15T00:00:00Z,80026.3115234375,300.16127014160156,0.10662500746548176,0,0,0
NIWO,2026-07-15T00:00:00Z,74553.3125,291.4237747192383,0.1090000057592988,0,0,0
NOGP,2026-07-15T00:00:00Z,94962.912109375,300.99877166748047,0.09937500301748514,0,0,0
OAES,2026-07-15T00:00:00Z,95803.9111328125,301.0862693786621,0.164625009521842,0,0,0
ONAQ,2026-07-15T00:00:00Z,82441.111328125,302.9612693786621,0.07200000435113907,0,0,0
ORNL,2026-07-15T00:00:00Z,97269.5107421875,294.8987693786621,0.32750001177191734,0,0,0
OSBS,2026-07-15T00:00:00Z,101477.51171875,300.8362731933594,0.1406250037252903,0,0,0
PUUM,2026-07-15T00:00:00Z,80695.9111328125,295.33627700805664,0.25637501664459705,0,0,0
RMNP,2026-07-15T00:00:00Z,75016.7109375,290.9487762451172,0.10762500390410423,0,0,0
SCBI,2026-07-15T00:00:00Z,99101.7119140625,296.2612762451172,0.2532500196248293,0,0,0
SERC,2026-07-15T00:00:00Z,101310.111328125,NA,NA,NA,NA,0
SJER,2026-07-15T00:00:00Z,94233.9111328125,302.0862731933594,0.04700000211596489,0,0,0
SOAP,2026-07-15T00:00:00Z,94233.9111328125,302.0862731933594,0.04700000211596489,0,0,0
SRER,2026-07-15T00:00:00Z,90031.5126953125,309.8987731933594,0.1606250088661909,0,0,0
STEI,2026-07-15T00:00:00Z,96371.51171875,297.3487663269043,0.2227500081062317,0,0,0
STER,2026-07-15T00:00:00Z,87482.111328125,301.02376556396484,0.09350000508129597,0,0,0
TALL,2026-07-15T00:00:00Z,100632.310546875,297.3862724304199,0.2900000102818012,0,0,0
TEAK,2026-07-15T00:00:00Z,80672.7109375,292.58626556396484,0.10150000546127558,0,0,0
TOOL,2026-07-15T00:00:00Z,89057.712890625,283.3987693786621,0.2097500078380108,0,0,0
TREE,2026-07-15T00:00:00Z,96371.51171875,297.3487663269043,0.2227500081062317,0,0,0
UKFS,2026-07-15T00:00:00Z,98502.5126953125,296.8362693786621,0.16425000689923763,0,0,0
UNDE,2026-07-15T00:00:00Z,96011.9130859375,296.861270904541,0.19937500730156898,0,0,0
WOOD,2026-07-15T00:00:00Z,95935.51171875,298.98626708984375,0.0970000047236681,0,0,0
WREF,2026-07-15T00:00:00Z,92683.7109375,291.32376861572266,0.2103750091046095,0,0,0
YELL,2026-07-15T00:00:00Z,76771.111328125,291.7112693786621,0.14475001022219658,0,0,0
ABBY,2026-07-16T00:00:00Z,96720.1171875,290.10449981689453,0.20087500847876072,0,0,0
BARR,2026-07-16T00:00:00Z,101518.3173828125,NA,NA,0,0,0.5924999713897705
BART,2026-07-16T00:00:00Z,94856.91796875,291.56700134277344,0.23262500949203968,0,0,0
BLAN,2026-07-16T00:00:00Z,98910.91796875,297.89199447631836,0.24050001241266727,0,0,0
BONA,2026-07-16T00:00:00Z,97354.119140625,283.1169967651367,0.25787501595914364,0,0,0
CLBJ,2026-07-16T00:00:00Z,98397.318359375,299.8669967651367,0.2140000108629465,0,0,0
CPER,2026-07-16T00:00:00Z,83350.318359375,300.91699600219727,0.08437500149011612,0,0,0
DCFS,2026-07-16T00:00:00Z,95611.119140625,298.1794967651367,0.0878750029951334,0,0,0
DEJU,2026-07-16T00:00:00Z,95305.517578125,283.7044982910156,0.2615000084042549,0,0,0
DELA,2026-07-16T00:00:00Z,101220.716796875,298.0294952392578,0.24125001206994057,0,0,0
DSNY,2026-07-16T00:00:00Z,101406.119140625,302.4419937133789,0.16262500546872616,0,0,0
GRSM,2026-07-16T00:00:00Z,91729.1171875,292.74199295043945,0.29875002056360245,0,0,0
GUAN,2026-07-16T00:00:00Z,100569.3193359375,300.9669990539551,0.1463750023394823,0,0,0
HARV,2026-07-16T00:00:00Z,97928.1181640625,294.77950286865234,0.2310000080615282,0,0,0
HEAL,2026-07-16T00:00:00Z,93932.517578125,280.66699600219727,0.2225000113248825,0,0,0
JERC,2026-07-16T00:00:00Z,101072.318359375,300.5794982910156,0.11875000596046448,0,0,0
JORN,2026-07-16T00:00:00Z,86226.5166015625,306.804500579834,0.10825000423938036,0,0,0
KONA,2026-07-16T00:00:00Z,97166.5185546875,297.3169975280762,0.17875000648200512,0,0,0
KONZ,2026-07-16T00:00:00Z,97166.5185546875,297.3169975280762,0.17875000648200512,0,0,0
LAJA,2026-07-16T00:00:00Z,100569.3193359375,300.9669990539551,0.1463750023394823,0,0,0
LENO,2026-07-16T00:00:00Z,101111.7177734375,298.3794975280762,0.2516250144690275,0,0,0
MLBS,2026-07-16T00:00:00Z,93747.7197265625,293.617000579834,0.2617500089108944,0,0,0
MOAB,2026-07-16T00:00:00Z,79971.716796875,299.9669990539551,0.10475000645965338,0,0,0
NIWO,2026-07-16T00:00:00Z,74439.517578125,291.3419952392578,0.09562500193715096,0,0,0
NOGP,2026-07-16T00:00:00Z,94669.7177734375,299.9669952392578,0.08987500425428152,0,0,0
OAES,2026-07-16T00:00:00Z,95692.517578125,302.01699447631836,0.15337500534951687,0,0,0
ONAQ,2026-07-16T00:00:00Z,82211.5166015625,303.2794990539551,0.08087500371038914,0,0,0
ORNL,2026-07-16T00:00:00Z,97127.7177734375,295.82949447631836,0.3176250159740448,0,0,0
OSBS,2026-07-16T00:00:00Z,101364.318359375,302.27950286865234,0.12687500473111868,0,0,0
PUUM,2026-07-16T00:00:00Z,80816.716796875,293.79199981689453,0.2507500145584345,0,0,0
RMNP,2026-07-16T00:00:00Z,74910.318359375,290.4669990539551,0.08575000241398811,0,0,0
SCBI,2026-07-16T00:00:00Z,98910.91796875,297.89199447631836,0.24050001241266727,0,0,0
SERC,2026-07-16T00:00:00Z,101112.91796875,NA,NA,NA,NA,0
SJER,2026-07-16T00:00:00Z,94009.3173828125,302.29199981689453,0.04687500232830644,0,0,0
SOAP,2026-07-16T00:00:00Z,94009.3173828125,302.29199981689453,0.04687500232830644,0,0,0
SRER,2026-07-16T00:00:00Z,89873.91796875,308.8920021057129,0.16150000505149364,0,0,0
STEI,2026-07-16T00:00:00Z,96377.91796875,295.96700286865234,0.22487500868737698,0,0,0
STER,2026-07-16T00:00:00Z,87286.9169921875,301.72949981689453,0.09337500482797623,0,0,0
TALL,2026-07-16T00:00:00Z,100730.9169921875,297.9545021057129,0.2568750102072954,0,0,0
TEAK,2026-07-16T00:00:00Z,80449.716796875,292.8419952392578,0.09487500507384539,0,0,0
TOOL,2026-07-16T00:00:00Z,89358.1171875,281.66699981689453,0.21400001272559166,0,0,0
TREE,2026-07-16T00:00:00Z,96377.91796875,295.96700286865234,0.22487500868737698,0,0,0
UKFS,2026-07-16T00:00:00Z,98287.517578125,296.97949981689453,0.19262500666081905,0,0,0
UNDE,2026-07-16T00:00:00Z,96025.9169921875,295.15450286865234,0.19562500901520252,0,0,0
WOOD,2026-07-16T00:00:00Z,95611.119140625,298.1794967651367,0.0878750029951334,0,0,0
WREF,2026-07-16T00:00:00Z,92352.716796875,291.8294982910156,0.22800001315772533,0,0,0
YELL,2026-07-16T00:00:00Z,76642.1181640625,290.5544967651367,0.14412500895559788,0,0,0
ABBY,2026-07-17T00:00:00Z,96847.9404296875,288.35926818847656,0.18700000643730164,0,0,0
BARR,2026-07-17T00:00:00Z,101719.33984375,NA,NA,0,0,0.23999999463558197
BART,2026-07-17T00:00:00Z,95285.33984375,289.64676666259766,0.23350001126527786,0,0,0
BLAN,2026-07-17T00:00:00Z,99130.33984375,298.2092742919922,0.24387500993907452,0,0,0
BONA,2026-07-17T00:00:00Z,97077.9404296875,283.8467712402344,0.24887501075863838,0,0,0
CLBJ,2026-07-17T00:00:00Z,98464.140625,299.38427734375,0.21487501077353954,0,0,0
CPER,2026-07-17T00:00:00Z,83341.5400390625,301.246768951416,0.0626250016503036,0,0,0
DCFS,2026-07-17T00:00:00Z,95357.541015625,297.8217658996582,0.10262500494718552,0,0,0
DEJU,2026-07-17T00:00:00Z,94987.939453125,284.5592727661133,0.2442500125616789,0,0,0
DELA,2026-07-17T00:00:00Z,101290.5390625,299.2092742919922,0.2108750119805336,0,0,0
DSNY,2026-07-17T00:00:00Z,101342.939453125,301.73426818847656,0.17925000749528408,0,0,0
GRSM,2026-07-17T00:00:00Z,91773.740234375,293.32176971435547,0.2917500101029873,0,0,0
GUAN,2026-07-17T00:00:00Z,100645.7392578125,300.5967712402344,0.15637500770390034,0,0,0
HARV,2026-07-17T00:00:00Z,98312.7392578125,293.34677505493164,0.23012500815093517,0,0,0
HEAL,2026-07-17T00:00:00Z,93530.541015625,281.88426971435547,0.2166250068694353,0,0,0
JERC,2026-07-17T00:00:00Z,101070.3408203125,301.0967674255371,0.0953750042244792,0,0,0
JORN,2026-07-17T00:00:00Z,86244.1396484375,305.74677658081055,0.11937500536441803,0,0,0
KONA,2026-07-17T00:00:00Z,97129.5400390625,298.3592720031738,0.1535000056028366,0,0,0
KONZ,2026-07-17T00:00:00Z,97129.5400390625,298.3592720031738,0.1535000056028366,0,0,0
LAJA,2026-07-17T00:00:00Z,100645.7392578125,300.5967712402344,0.15637500770390034,0,0,0
LENO,2026-07-17T00:00:00Z,101173.3408203125,299.3342704772949,0.23550001345574856,0,0,0
MLBS,2026-07-17T00:00:00Z,93839.740234375,294.5967712402344,0.24775000661611557,0,0,0
MOAB,2026-07-17T00:00:00Z,79970.1416015625,298.7217712402344,0.10925000533461571,0,0,0
NIWO,2026-07-17T00:00:00Z,74467.5390625,290.59677505493164,0.09787500463426113,0,0,0
NOGP,2026-07-17T00:00:00Z,94660.939453125,299.8842658996582,0.08250000327825546,0,0,0
OAES,2026-07-17T00:00:00Z,95694.3388671875,300.9717674255371,0.11987500544637442,0,0,0
ONAQ,2026-07-17T00:00:00Z,82198.9404296875,304.35926818847656,0.07212500460445881,0,0,0
ORNL,2026-07-17T00:00:00Z,97193.33984375,296.50926971435547,0.3126250207424164,0,0,0
OSBS,2026-07-17T00:00:00Z,101324.1396484375,301.5967674255371,0.14587500505149364,0,0,0
PUUM,2026-07-17T00:00:00Z,80936.138671875,295.184268951416,0.2493750099092722,0,0,0
RMNP,2026-07-17T00:00:00Z,74930.7412109375,290.0342712402344,0.11075000744313002,0,0,0
SCBI,2026-07-17T00:00:00Z,99130.33984375,298.2092742919922,0.24387500993907452,0,0,0
SERC,2026-07-17T00:00:00Z,101393.140625,NA,NA,NA,NA,0
SJER,2026-07-17T00:00:00Z,93997.33984375,301.82176971435547,0.04687500232830644,0,0,0
SOAP,2026-07-17T00:00:00Z,93997.33984375,301.82176971435547,0.04687500232830644,0,0,0
SRER,2026-07-17T00:00:00Z,90110.939453125,305.39676666259766,0.24950001575052738,0,0,0
STEI,2026-07-17T00:00:00Z,96151.740234375,295.32177734375,0.2091250065714121,0,0,0
STER,2026-07-17T00:00:00Z,87277.939453125,302.3092727661133,0.08137500286102295,0,0,0
TALL,2026-07-17T00:00:00Z,100800.5400390625,299.0967712402344,0.24575001001358032,0,0,0
TEAK,2026-07-17T00:00:00Z,80408.939453125,292.9092674255371,0.07962500490248203,0,0,0
TOOL,2026-07-17T00:00:00Z,89396.140625,282.0342674255371,0.2113750111311674,0,0,0
TREE,2026-07-17T00:00:00Z,96151.740234375,295.32177734375,0.2091250065714121,0,0,0
UKFS,2026-07-17T00:00:00Z,98322.1396484375,297.57176971435547,0.19100001268088818,0,0,0
UNDE,2026-07-17T00:00:00Z,95769.5390625,294.7092704772949,0.19237500987946987,0,0,0
WOOD,2026-07-17T00:00:00Z,95357.541015625,297.8217658996582,0.10262500494718552,0,0,0
WREF,2026-07-17T00:00:00Z,92428.3388671875,289.2217674255371,0.22300000861287117,0,0,0
YELL,2026-07-17T00:00:00Z,76597.541015625,290.42176818847656,0.1678750067949295,0,0,0
ABBY,2026-07-18T00:00:00Z,97018.337890625,288.3842544555664,0.1797500066459179,0,0,0
BARR,2026-07-18T00:00:00Z,101743.337890625,NA,NA,0,0,0.2224999964237213
BART,2026-07-18T00:00:00Z,95222.138671875,289.1217613220215,0.234875014051795,0,0,0
BLAN,2026-07-18T00:00:00Z,98860.1376953125,297.42176055908203,0.26237501204013824,0,0,0
BONA,2026-07-18T00:00:00Z,97192.9375,284.3342590332031,0.2388750109821558,0,0,0
CLBJ,2026-07-18T00:00:00Z,98356.5380859375,300.55925369262695,0.18325000628829002,0,0,0
CPER,2026-07-18T00:00:00Z,83431.5390625,301.30925369262695,0.06387500278651714,0,0,0
DCFS,2026-07-18T00:00:00Z,95740.3388671875,296.10925674438477,0.09450000617653131,0,0,0
DEJU,2026-07-18T00:00:00Z,95087.7392578125,284.2592544555664,0.2461250126361847,0,0,0
DELA,2026-07-18T00:00:00Z,101113.1396484375,300.22175216674805,0.22137501090765,0,0,0
DSNY,2026-07-18T00:00:00Z,101323.13671875,301.80925369262695,0.17425000667572021,0,0,0
GRSM,2026-07-18T00:00:00Z,91643.9384765625,293.4217529296875,0.32887501269578934,0,0,0
GUAN,2026-07-18T00:00:00Z,100606.3369140625,300.62175369262695,0.1711250077933073,0,0,0
HARV,2026-07-18T00:00:00Z,98233.138671875,292.4342575073242,0.23087500594556332,0,0,0
HEAL,2026-07-18T00:00:00Z,93671.5380859375,281.8967590332031,0.21125001087784767,0,0,0
JERC,2026-07-18T00:00:00Z,100898.9384765625,302.10925674438477,0.08925000485032797,0,0,0
JORN,2026-07-18T00:00:00Z,86280.5390625,306.9342575073242,0.12912500835955143,0,0,0
KONA,2026-07-18T00:00:00Z,96964.337890625,298.2342529296875,0.1543750073760748,0,0,0
KONZ,2026-07-18T00:00:00Z,96964.337890625,298.2342529296875,0.1543750073760748,0,0,0
LAJA,2026-07-18T00:00:00Z,100606.3369140625,300.62175369262695,0.1711250077933073,0,0,0
LENO,2026-07-18T00:00:00Z,100987.9375,300.3967590332031,0.24500000849366188,0,0,0
MLBS,2026-07-18T00:00:00Z,93624.3388671875,295.30925369262695,0.25187501683831215,0,0,0
MOAB,2026-07-18T00:00:00Z,80058.3388671875,297.63426208496094,0.13075000792741776,0,0,0
NIWO,2026-07-18T00:00:00Z,74578.537109375,289.7467575073242,0.10350000392645597,0,0,0
NOGP,2026-07-18T00:00:00Z,94947.9384765625,298.05925369262695,0.07587500475347042,0,0,0
OAES,2026-07-18T00:00:00Z,95570.9375,301.83425521850586,0.11700000520795584,0,0,0
ONAQ,2026-07-18T00:00:00Z,82361.337890625,302.8967514038086,0.07587500475347042,0,0,0
ORNL,2026-07-18T00:00:00Z,97038.1376953125,296.79675674438477,0.3162500150501728,0,0,0
OSBS,2026-07-18T00:00:00Z,101268.9375,301.70925521850586,0.1511250101029873,0,0,0
PUUM,2026-07-18T00:00:00Z,80958.9384765625,295.2342529296875,0.25000000931322575,0,0,0
RMNP,2026-07-18T00:00:00Z,75040.7392578125,289.8092575073242,0.11062500812113285,0,0,0
SCBI,2026-07-18T00:00:00Z,98860.1376953125,297.42176055908203,0.26237501204013824,0,0,0
SERC,2026-07-18T00:00:00Z,101187.5390625,NA,NA,NA,NA,0
SJER,2026-07-18T00:00:00Z,94277.5390625,301.23425674438477,0.04687500232830644,0,0,0
SOAP,2026-07-18T00:00:00Z,94277.5390625,301.23425674438477,0.04687500232830644,0,0,0
SRER,2026-07-18T00:00:00Z,90238.5390625,303.5092582702637,0.2272500116378069,0,0,0
STEI,2026-07-18T00:00:00Z,95618.3369140625,295.9467582702637,0.20587501488626003,0,0,0
STER,2026-07-18T00:00:00Z,87306.9384765625,302.59675216674805,0.0692500015720725,0,0,0
TALL,2026-07-18T00:00:00Z,100631.9384765625,299.9592590332031,0.248500008136034,0,0,0
TEAK,2026-07-18T00:00:00Z,80629.7392578125,292.9342498779297,0.08700000494718552,0,0,0
TOOL,2026-07-18T00:00:00Z,89444.9384765625,280.3092575073242,0.21175001189112663,0,0,0
TREE,2026-07-18T00:00:00Z,95618.3369140625,295.9467582702637,0.20587501488626003,0,0,0
UKFS,2026-07-18T00:00:00Z,98129.5380859375,298.0342559814453,0.1586250104010105,0,0,0
UNDE,2026-07-18T00:00:00Z,95256.3369140625,295.6092529296875,0.1847500056028366,0,0,0
WOOD,2026-07-18T00:00:00Z,95740.3388671875,296.10925674438477,0.09450000617653131,0,0,0
WREF,2026-07-18T00:00:00Z,92619.138671875,288.48425674438477,0.2166250068694353,0,0,0
YELL,2026-07-18T00:00:00Z,76703.3369140625,289.9717559814453,0.19325000792741776,0,0,0
ABBY,2026-07-19T00:00:00Z,97035.05859375,288.49777603149414,0.1777500044554472,0,0,0
BARR,2026-07-19T00:00:00Z,101930.6591796875,NA,NA,0,0,0.20874999277293682
BART,2026-07-19T00:00:00Z,94334.2607421875,289.0102729797363,0.27137501165270805,0,0,0
BLAN,2026-07-19T00:00:00Z,98477.2587890625,297.27276611328125,0.23937501199543476,0,0,0
BONA,2026-07-19T00:00:00Z,97595.259765625,284.9227752685547,0.2252500094473362,0,0,0
CLBJ,2026-07-19T00:00:00Z,98073.4599609375,302.67276763916016,0.1547500044107437,0,0,0
CPER,2026-07-19T00:00:00Z,83376.458984375,301.4602699279785,0.06862500496208668,0,0,0
DCFS,2026-07-19T00:00:00Z,95364.4599609375,297.7352714538574,0.07887500245124102,0,0,0
DEJU,2026-07-19T00:00:00Z,95564.458984375,284.7977714538574,0.24487500824034214,0,0,0
DELA,2026-07-19T00:00:00Z,100807.05859375,300.7227668762207,0.2068750113248825,0,0,0
DSNY,2026-07-19T00:00:00Z,101120.0595703125,301.5477714538574,0.16100000776350498,0,0,0
GRSM,2026-07-19T00:00:00Z,91423.259765625,293.2602729797363,0.32237501069903374,0,0,0
GUAN,2026-07-19T00:00:00Z,100456.66015625,300.8102722167969,0.16437500715255737,0,0,0
HARV,2026-07-19T00:00:00Z,97386.859375,292.09777069091797,0.2558750119060278,0,0,0
HEAL,2026-07-19T00:00:00Z,94015.2587890625,282.34777450561523,0.2012500073760748,0,0,0
JERC,2026-07-19T00:00:00Z,100727.8603515625,301.2352752685547,0.13812500704079866,0,0,0
JORN,2026-07-19T00:00:00Z,86231.259765625,306.28527450561523,0.15700000897049904,0,0,0
KONA,2026-07-19T00:00:00Z,96805.259765625,299.12277603149414,0.14337500743567944,0,0,0
KONZ,2026-07-19T00:00:00Z,96805.259765625,299.12277603149414,0.14337500743567944,0,0,0
LAJA,2026-07-19T00:00:00Z,100456.66015625,300.8102722167969,0.16437500715255737,0,0,0
LENO,2026-07-19T00:00:00Z,100676.859375,300.6352653503418,0.2328750118613243,0,0,0
MLBS,2026-07-19T00:00:00Z,93316.05859375,295.1352729797363,0.2373750153928995,0,0,0
MOAB,2026-07-19T00:00:00Z,80068.66015625,297.1977767944336,0.1347500067204237,0,0,0
NIWO,2026-07-19T00:00:00Z,74558.4599609375,290.32276916503906,0.10262500680983067,0,0,0
NOGP,2026-07-19T00:00:00Z,94493.2587890625,298.7727737426758,0.08500000182539225,0,0,0
OAES,2026-07-19T00:00:00Z,95365.6591796875,303.2477684020996,0.13187500275671482,0,0,0
ONAQ,2026-07-19T00:00:00Z,82336.4599609375,303.41027450561523,0.0848750015720725,0,0,0
ORNL,2026-07-19T00:00:00Z,96793.458984375,296.3977737426758,0.32325001433491707,0,0,0
OSBS,2026-07-19T00:00:00Z,101092.859375,302.5477714538574,0.11687500681728125,0,0,0
PUUM,2026-07-19T00:00:00Z,80937.4580078125,297.5102729797363,0.23575001023709774,0,0,0
RMNP,2026-07-19T00:00:00Z,75013.05859375,290.0227699279785,0.09962500259280205,0,0,0
SCBI,2026-07-19T00:00:00Z,98477.2587890625,297.27276611328125,0.23937501199543476,0,0,0
SERC,2026-07-19T00:00:00Z,100707.857421875,NA,NA,NA,NA,0
SJER,2026-07-19T00:00:00Z,94265.05859375,300.8977699279785,0.04687500232830644,0,0,0
SOAP,2026-07-19T00:00:00Z,94265.05859375,300.8977699279785,0.04687500232830644,0,0,0
SRER,2026-07-19T00:00:00Z,90127.05859375,304.6727752685547,0.21450001187622547,0,0,0
STEI,2026-07-19T00:00:00Z,96096.259765625,293.7602729797363,0.21062500961124897,0,0,0
STER,2026-07-19T00:00:00Z,87276.6591796875,302.72277069091797,0.07400000281631947,0,0,0
TALL,2026-07-19T00:00:00Z,100344.859375,300.4602737426758,0.24700000882148743,0,0,0
TEAK,2026-07-19T00:00:00Z,80626.05859375,292.9727668762207,0.09087500534951687,0,0,0
TOOL,2026-07-19T00:00:00Z,89862.859375,282.42276763916016,0.217250008136034,0,0,0
TREE,2026-07-19T00:00:00Z,96096.259765625,293.7602729797363,0.21062500961124897,0,0,0
UKFS,2026-07-19T00:00:00Z,97932.857421875,298.5227737426758,0.20075000636279583,0,0,0
UNDE,2026-07-19T00:00:00Z,95714.859375,292.7977714538574,0.18850000947713852,0,0,0
WOOD,2026-07-19T00:00:00Z,95364.4599609375,297.7352714538574,0.07887500245124102,0,0,0
WREF,2026-07-19T00:00:00Z,92639.6591796875,288.7852668762207,0.21312501467764378,0,0,0
YELL,2026-07-19T00:00:00Z,76659.66015625,291.1477737426758,0.1850000061094761,0,0,0
ABBY,2026-07-20T00:00:00Z,96673.6923828125,289.81601333618164,0.17150000482797623,0,0,0
BARR,2026-07-20T00:00:00Z,102102.4921875,NA,NA,0,0,0.18124999478459358
BART,2026-07-20T00:00:00Z,95208.09375,287.5910186767578,0.24762501008808613,0,0,0
BLAN,2026-07-20T00:00:00Z,98904.29296875,295.7660102844238,0.23075000941753387,0,0,0
BONA,2026-07-20T00:00:00Z,97463.0927734375,286.4535140991211,0.211500009521842,0,0,0
CLBJ,2026-07-20T00:00:00Z,97966.8935546875,302.4285125732422,0.22175001353025436,0,0,0
CPER,2026-07-20T00:00:00Z,83188.091796875,302.89101791381836,0.06975000165402889,0,0,0
DCFS,2026-07-20T00:00:00Z,94863.0927734375,298.5035209655762,0.08275000378489494,0,0,0
DEJU,2026-07-20T00:00:00Z,95442.0927734375,286.2410202026367,0.22425000928342342,0,0,0
DELA,2026-07-20T00:00:00Z,100630.4931640625,300.8910140991211,0.2473750114440918,0,0,0
DSNY,2026-07-20T00:00:00Z,101008.0947265625,300.81601333618164,0.17937500774860382,0,0,0
GRSM,2026-07-20T00:00:00Z,91383.0927734375,293.16601181030273,0.3111250214278698,0,0,0
GUAN,2026-07-20T00:00:00Z,100418.8935546875,300.87851333618164,0.14950000308454037,0,0,0
HARV,2026-07-20T00:00:00Z,98228.8935546875,291.30351638793945,0.238375011831522,0,0,0
HEAL,2026-07-20T00:00:00Z,93954.4921875,283.05351638793945,0.19762501306831837,0,0,0
JERC,2026-07-20T00:00:00Z,100569.69140625,300.67851638793945,0.10487500485032797,0,0,0
JORN,2026-07-20T00:00:00Z,86168.693359375,305.66601181030273,0.15862500853836536,0,0,0
KONA,2026-07-20T00:00:00Z,96603.693359375,299.791015625,0.15662500821053982,0,0,0
KONZ,2026-07-20T00:00:00Z,96603.693359375,299.791015625,0.15662500821053982,0,0,0
LAJA,2026-07-20T00:00:00Z,100418.8935546875,300.87851333618164,0.14950000308454037,0,0,0
LENO,2026-07-20T00:00:00Z,100485.4931640625,300.8660087585449,0.24400001391768456,0,0,0
MLBS,2026-07-20T00:00:00Z,93459.4921875,294.0035095214844,0.24800001084804535,0,0,0
MOAB,2026-07-20T00:00:00Z,79944.6923828125,299.09101486206055,0.13625000789761543,0,0,0
NIWO,2026-07-20T00:00:00Z,74502.0927734375,290.6785202026367,0.09850000590085983,0,0,0
NOGP,2026-07-20T00:00:00Z,94239.2939453125,299.50351333618164,0.08487500436604023,0,0,0
OAES,2026-07-20T00:00:00Z,95263.693359375,304.6160125732422,0.121375004760921,0,0,0
ONAQ,2026-07-20T00:00:00Z,82236.6953125,304.6910171508789,0.08862500265240669,0,0,0
ORNL,2026-07-20T00:00:00Z,96727.693359375,296.29101181030273,0.3257500156760216,0,0,0
OSBS,2026-07-20T00:00:00Z,100981.89453125,302.00351333618164,0.12237500492483377,0,0,0
PUUM,2026-07-20T00:00:00Z,80816.0927734375,297.9410171508789,0.22425001300871372,0,0,0
RMNP,2026-07-20T00:00:00Z,74946.091796875,289.603515625,0.11075000837445259,0,0,0
SCBI,2026-07-20T00:00:00Z,98904.29296875,295.7660102844238,0.23075000941753387,0,0,0
SERC,2026-07-20T00:00:00Z,101228.6923828125,NA,NA,NA,NA,0
SJER,2026-07-20T00:00:00Z,94158.291015625,301.228515625,0.04687500232830644,0,0,0
SOAP,2026-07-20T00:00:00Z,94158.291015625,301.228515625,0.04687500232830644,0,0,0
SRER,2026-07-20T00:00:00Z,90031.693359375,307.16601181030273,0.19537500850856304,0,0,0
STEI,2026-07-20T00:00:00Z,95517.29296875,292.5660171508789,0.21375001594424248,0,0,0
STER,2026-07-20T00:00:00Z,87030.29296875,304.166015625,0.07575000450015068,0,0,0
TALL,2026-07-20T00:00:00Z,100175.69140625,300.42851638793945,0.2608750145882368,0,0,0
TEAK,2026-07-20T00:00:00Z,80556.69140625,291.8035125732422,0.087250005453825,0,0,0
TOOL,2026-07-20T00:00:00Z,90042.8935546875,283.97850799560547,0.21237501129508018,0,0,0
TREE,2026-07-20T00:00:00Z,95517.29296875,292.5660171508789,0.21375001594424248,0,0,0
UKFS,2026-07-20T00:00:00Z,97776.494140625,298.96601486206055,0.1901250071823597,0,0,0
UNDE,2026-07-20T00:00:00Z,95070.693359375,292.77851486206055,0.18775000609457493,0,0,0
WOOD,2026-07-20T00:00:00Z,94863.0927734375,298.5035209655762,0.08275000378489494,0,0,0
WREF,2026-07-20T00:00:00Z,92390.4921875,290.59101486206055,0.20862500555813313,0,0,0
YELL,2026-07-20T00:00:00Z,76656.29296875,290.99101638793945,0.1712500061839819,0,0,0
ABBY,2026-07-21T00:00:00Z,96656.3251953125,292.0477638244629,0.17250000685453415,0,0,0
BARR,2026-07-21T00:00:00Z,101873.92578125,NA,NA,0,0,0.4899999834597111
BART,2026-07-21T00:00:00Z,95224.1259765625,288.3102607727051,0.24362501315772533,0,0,0
BLAN,2026-07-21T00:00:00Z,98481.1240234375,295.99776458740234,0.24325001053512096,0,0,0
BONA,2026-07-21T00:00:00Z,97412.125,288.272762298584,0.23112500831484795,0,0,0
CLBJ,2026-07-21T00:00:00Z,97819.326171875,304.0727653503418,0.2232500109821558,0,0,0
CPER,2026-07-21T00:00:00Z,83464.7265625,304.06026458740234,0.05562500236555934,0,0,0
DCFS,2026-07-21T00:00:00Z,95661.1259765625,295.62276458740234,0.08975000400096178,0,0,0
DEJU,2026-07-21T00:00:00Z,95337.1259765625,288.58526611328125,0.2175000086426735,0,0,0
DELA,2026-07-21T00:00:00Z,100456.525390625,300.5727653503418,0.21787501126527786,0,0,0
DSNY,2026-07-21T00:00:00Z,101075.525390625,301.7352638244629,0.16775000654160976,0,0,0
GRSM,2026-07-21T00:00:00Z,91341.125,293.26026153564453,0.3056250177323818,0,0,0
GUAN,2026-07-21T00:00:00Z,100331.326171875,300.09776306152344,0.19075001031160355,0,0,0
HARV,2026-07-21T00:00:00Z,98174.3271484375,291.1602592468262,0.23437501303851604,0,0,0
HEAL,2026-07-21T00:00:00Z,93994.126953125,283.9102668762207,0.19350000470876694,0,0,0
JERC,2026-07-21T00:00:00Z,100456.5263671875,300.6602592468262,0.09525000210851431,0,0,0
JORN,2026-07-21T00:00:00Z,86198.1259765625,304.8602638244629,0.19512500800192356,0,0,0
KONA,2026-07-21T00:00:00Z,96625.3271484375,302.2352600097656,0.15737500973045826,0,0,0
KONZ,2026-07-21T00:00:00Z,96625.3271484375,302.2352600097656,0.15737500973045826,0,0,0
LAJA,2026-07-21T00:00:00Z,100331.326171875,300.09776306152344,0.19075001031160355,0,0,0
LENO,2026-07-21T00:00:00Z,100302.7255859375,300.72276306152344,0.2416250128298998,0,0,0
MLBS,2026-07-21T00:00:00Z,93269.3251953125,293.82276153564453,0.24237501248717308,0,0,0
MOAB,2026-07-21T00:00:00Z,79914.724609375,300.4352684020996,0.1836250089108944,0,0,0
NIWO,2026-07-21T00:00:00Z,74623.7236328125,290.1852722167969,0.13387500494718552,0,0,0
NOGP,2026-07-21T00:00:00Z,95008.7255859375,297.9227638244629,0.07262500561773777,0,0,0
OAES,2026-07-21T00:00:00Z,95194.3271484375,307.07276153564453,0.11125000566244125,0,0,0
ONAQ,2026-07-21T00:00:00Z,82210.326171875,305.1227607727051,0.08712500147521496,0,0,0
ORNL,2026-07-21T00:00:00Z,96640.5263671875,296.43526458740234,0.31300001218914986,0,0,0
OSBS,2026-07-21T00:00:00Z,100997.7255859375,302.5477638244629,0.13812500424683094,0,0,0
PUUM,2026-07-21T00:00:00Z,80766.1259765625,296.460262298584,0.2323750127106905,0,0,0
RMNP,2026-07-21T00:00:00Z,75084.3271484375,290.3227653503418,0.15737500600516796,0,0,0
SCBI,2026-07-21T00:00:00Z,98481.1240234375,295.99776458740234,0.24325001053512096,0,0,0
SERC,2026-07-21T00:00:00Z,100814.92578125,NA,NA,NA,NA,0
SJER,2026-07-21T00:00:00Z,94197.5263671875,301.63525772094727,0.04900000197812915,0,0,0
SOAP,2026-07-21T00:00:00Z,94197.5263671875,301.63525772094727,0.04900000197812915,0,0,0
SRER,2026-07-21T00:00:00Z,90045.9248046875,306.2352638244629,0.19387500919401646,0,0,0
STEI,2026-07-21T00:00:00Z,94946.1259765625,292.92276763916016,0.22425001114606857,0,0,0
STER,2026-07-21T00:00:00Z,87319.9248046875,305.26026153564453,0.0671250019222498,0,0,0
TALL,2026-07-21T00:00:00Z,100037.525390625,300.3602638244629,0.24450001120567322,0,0,0
TEAK,2026-07-21T00:00:00Z,80588.525390625,291.66027069091797,0.08225000370293856,0,0,0
TOOL,2026-07-21T00:00:00Z,89743.1259765625,286.08526611328125,0.2113750111311674,0,0,0
TREE,2026-07-21T00:00:00Z,94946.1259765625,292.92276763916016,0.22425001114606857,0,0,0
UKFS,2026-07-21T00:00:00Z,97712.5263671875,300.1102638244629,0.171750009059906,0,0,0
UNDE,2026-07-21T00:00:00Z,94559.1259765625,293.0352592468262,0.2096250094473362,0,0,0
WOOD,2026-07-21T00:00:00Z,95661.1259765625,295.62276458740234,0.08975000400096178,0,0,0
WREF,2026-07-21T00:00:00Z,92465.125,292.8227653503418,0.20925000682473183,0,0,0
YELL,2026-07-21T00:00:00Z,76754.3251953125,291.4852638244629,0.17312500812113285,0,0,0
ABBY,2026-07-22T00:00:00Z,96514.068359375,294.42275619506836,0.16850001364946365,0,0,0
BARR,2026-07-22T00:00:00Z,101052.66796875,NA,NA,0,0,0.39374998211860657
BART,2026-07-22T00:00:00Z,94490.267578125,289.04775619506836,0.24975001066923141,0,0,0
BLAN,2026-07-22T00:00:00Z,98376.4677734375,295.3727569580078,0.334250021725893,0,0,0
BONA,2026-07-22T00:00:00Z,97271.669921875,287.03525161743164,0.2272500116378069,0,0,0
CLBJ,2026-07-22T00:00:00Z,97899.2685546875,306.1602592468262,0.18900000676512718,0,0,0
CPER,2026-07-22T00:00:00Z,83416.0693359375,301.7852554321289,0.1021250057965517,0,0,0
DCFS,2026-07-22T00:00:00Z,96072.8671875,293.4977607727051,0.083500005304813385,0,0,0
DEJU,2026-07-22T00:00:00Z,95244.0673828125,287.1227569580078,0.22412501275539398,0,0,0
DELA,2026-07-22T00:00:00Z,100439.46875,300.5352554321289,0.21450000628829002,0,0,0
DSNY,2026-07-22T00:00:00Z,101181.6689453125,301.9727592468262,0.1638750061392784,0,0,0
GRSM,2026-07-22T00:00:00Z,91330.4677734375,293.5852584838867,0.29887501522898674,0,0,0
GUAN,2026-07-22T00:00:00Z,100204.4677734375,300.12275314331055,0.1980000101029873,0,0,0
HARV,2026-07-22T00:00:00Z,97431.869140625,291.5852584838867,0.2691250145435333,0,0,0
HEAL,2026-07-22T00:00:00Z,93747.267578125,283.6477584838867,0.1941250078380108,0,0,0
JERC,2026-07-22T00:00:00Z,100606.66796875,300.9602584838867,0.1177500057965517,0,0,0
JORN,2026-07-22T00:00:00Z,86356.0673828125,303.7852554321289,0.20525001175701618,0,0,0
KONA,2026-07-22T00:00:00Z,97209.4677734375,299.82275772094727,0.15062500908970833,0,0,0
KONZ,2026-07-22T00:00:00Z,97209.4677734375,299.82275772094727,0.15062500908970833,0,0,0
LAJA,2026-07-22T00:00:00Z,100204.4677734375,300.12275314331055,0.1980000101029873,0,0,0
LENO,2026-07-22T00:00:00Z,100247.869140625,300.460262298584,0.23662501387298107,0,0,0
MLBS,2026-07-22T00:00:00Z,93180.6689453125,294.31025314331055,0.28575001657009125,0,0,0
MOAB,2026-07-22T00:00:00Z,80133.6689453125,299.38525772094727,0.15712500922381878,0,0,0
NIWO,2026-07-22T00:00:00Z,74593.0673828125,291.1727600097656,0.12125000730156898,0,0,0
NOGP,2026-07-22T00:00:00Z,95245.8681640625,295.6102523803711,0.06887500546872616,0,0,0
OAES,2026-07-22T00:00:00Z,95434.6689453125,308.5352554321289,0.09525000210851431,0,0,0
ONAQ,2026-07-22T00:00:00Z,82359.2666015625,303.51026153564453,0.12737500481307507,0,0,0
ORNL,2026-07-22T00:00:00Z,96664.068359375,296.72275161743164,0.3265000097453594,0,0,0
OSBS,2026-07-22T00:00:00Z,101124.869140625,302.1852569580078,0.13812500424683094,0,0,0
PUUM,2026-07-22T00:00:00Z,80789.8671875,292.88526153564453,0.29250001162290573,0,0,0
RMNP,2026-07-22T00:00:00Z,75062.6689453125,290.69776153564453,0.2050000075250864,0,0,0
SCBI,2026-07-22T00:00:00Z,98376.4677734375,295.3727569580078,0.334250021725893,0,0,0
SERC,2026-07-22T00:00:00Z,100642.66796875,NA,NA,NA,NA,0
SJER,2026-07-22T00:00:00Z,94401.2685546875,301.8477554321289,0.04687500232830644,0,0,0
SOAP,2026-07-22T00:00:00Z,94401.2685546875,301.8477554321289,0.04687500232830644,0,0,0
SRER,2026-07-22T00:00:00Z,90132.2685546875,304.8477554321289,0.2107500098645687,0,0,0
STEI,2026-07-22T00:00:00Z,96143.4677734375,289.1227607727051,0.2103750091046095,0,0,0
STER,2026-07-22T00:00:00Z,87401.068359375,302.69775772094727,0.07487500412389636,0,0,0
TALL,2026-07-22T00:00:00Z,100049.2685546875,300.2852592468262,0.2402500119060278,0,0,0
TEAK,2026-07-22T00:00:00Z,80718.068359375,292.27275466918945,0.09375000465661287,0,0,0
TOOL,2026-07-22T00:00:00Z,89292.4677734375,285.2477569580078,0.22200001031160355,0,0,0
TREE,2026-07-22T00:00:00Z,96143.4677734375,289.1227607727051,0.2103750091046095,0,0,0
UKFS,2026-07-22T00:00:00Z,98305.8671875,298.0477600097656,0.1602500043809414,0,0,0
UNDE,2026-07-22T00:00:00Z,95774.0673828125,288.13525772094727,0.19425000809133053,0,0,0
WOOD,2026-07-22T00:00:00Z,96072.8671875,293.4977607727051,0.083500005304813385,0,0,0
WREF,2026-07-22T00:00:00Z,92343.068359375,295.3977584838867,0.20375001057982445,0,0,0
YELL,2026-07-22T00:00:00Z,76687.4677734375,291.34775161743164,0.16850000992417336,0,0,0
ABBY,2026-07-23T00:00:00Z,96811.7333984375,293.768009185791,0.1941250115633011,0,0,0
BARR,2026-07-23T00:00:00Z,100415.732421875,NA,NA,0,0,0.3737500011920929
BART,2026-07-23T00:00:00Z,95444.5322265625,288.65551376342773,0.25050001218914986,0,0,0
BLAN,2026-07-23T00:00:00Z,99275.53125,294.89301681518555,0.28812501579523087,0,0,0
BONA,2026-07-23T00:00:00Z,96550.7333984375,285.1680107116699,0.2337500099092722,0,0,0
CLBJ,2026-07-23T00:00:00Z,98077.5322265625,306.54300689697266,0.132750004529953,0,0,0
CPER,2026-07-23T00:00:00Z,83387.3330078125,299.20551681518555,0.13062500394880772,0,0,0
DCFS,2026-07-23T00:00:00Z,95782.93359375,294.5430145263672,0.0677500031888485,0,0,0
DEJU,2026-07-23T00:00:00Z,94532.1337890625,286.0430107116699,0.22475001402199268,0,0,0
DELA,2026-07-23T00:00:00Z,100872.9326171875,300.1805114746094,0.2081250138580799,0,0,0
DSNY,2026-07-23T00:00:00Z,101301.130859375,302.7430114746094,0.15012500807642937,0,0,0
GRSM,2026-07-23T00:00:00Z,91609.5322265625,293.3680076599121,0.3267500139772892,0,0,0
GUAN,2026-07-23T00:00:00Z,100361.333984375,300.54300689697266,0.19687500782310963,0,0,0
HARV,2026-07-23T00:00:00Z,98468.333984375,291.205509185791,0.25687500834465027,0,0,0
HEAL,2026-07-23T00:00:00Z,93062.9326171875,281.9680061340332,0.21487501077353954,0,0,0
JERC,2026-07-23T00:00:00Z,100970.7333984375,300.8805160522461,0.12350000254809856,0,0,0
JORN,2026-07-23T00:00:00Z,86357.931640625,307.59301376342773,0.1808750107884407,0,0,0
KONA,2026-07-23T00:00:00Z,97346.3330078125,297.15551376342773,0.14287500828504562,0,0,0
KONZ,2026-07-23T00:00:00Z,97346.3330078125,297.15551376342773,0.14287500828504562,0,0,0
LAJA,2026-07-23T00:00:00Z,100361.333984375,300.54300689697266,0.19687500782310963,0,0,0
LENO,2026-07-23T00:00:00Z,100717.5322265625,299.6680107116699,0.23900000751018524,0,0,0
MLBS,2026-07-23T00:00:00Z,93766.3330078125,293.2930145263672,0.2707500159740448,0,0,0
MOAB,2026-07-23T00:00:00Z,80160.3330078125,298.28051376342773,0.2173750102519989,0,0,0
NIWO,2026-07-23T00:00:00Z,74571.5322265625,289.03050994873047,0.2211250104010105,0,0,0
NOGP,2026-07-23T00:00:00Z,94906.333984375,295.3930130004883,0.07362500298768282,0,0,0
OAES,2026-07-23T00:00:00Z,95527.732421875,306.3680191040039,0.10737500339746475,0,0,0
ONAQ,2026-07-23T00:00:00Z,82465.3330078125,300.8555145263672,0.16100000776350498,0,0,0
ORNL,2026-07-23T00:00:00Z,97051.3330078125,295.7680130004883,0.31712501123547554,0,0,0
OSBS,2026-07-23T00:00:00Z,101304.9326171875,303.330509185791,0.12200000416487455,0,0,0
PUUM,2026-07-23T00:00:00Z,80875.3330078125,293.06800842285156,0.27687501162290573,0,0,0
RMNP,2026-07-23T00:00:00Z,75015.3330078125,288.9680061340332,0.2745000123977661,0,0,0
SCBI,2026-07-23T00:00:00Z,99275.53125,294.89301681518555,0.28812501579523087,0,0,0
SERC,2026-07-23T00:00:00Z,101541.5322265625,NA,NA,NA,NA,0
SJER,2026-07-23T00:00:00Z,94352.5322265625,301.3180122375488,0.04687500232830644,0,0,0
SOAP,2026-07-23T00:00:00Z,94352.5322265625,301.3180122375488,0.04687500232830644,0,0,0
SRER,2026-07-23T00:00:00Z,89967.732421875,308.5930061340332,0.19675001129508018,0,0,0
STEI,2026-07-23T00:00:00Z,96445.33203125,288.40551376342773,0.2116250116378069,0,0,0
STER,2026-07-23T00:00:00Z,87322.1328125,300.1055107116699,0.1437500063329935,0,0,0
TALL,2026-07-23T00:00:00Z,100453.533203125,300.01800537109375,0.24950001202523708,0,0,0
TEAK,2026-07-23T00:00:00Z,80660.931640625,292.9930114746094,0.09650000277906656,0,0,0
TOOL,2026-07-23T00:00:00Z,88694.1337890625,282.15550994873047,0.2113750111311674,0,0,0
TREE,2026-07-23T00:00:00Z,96445.33203125,288.40551376342773,0.2116250116378069,0,0,0
UKFS,2026-07-23T00:00:00Z,98492.732421875,295.9305114746094,0.14487501047551632,0,0,0
UNDE,2026-07-23T00:00:00Z,96035.1328125,287.8305130004883,0.19437500648200512,0,0,0
WOOD,2026-07-23T00:00:00Z,95782.93359375,294.5430145263672,0.0677500031888485,0,0,0
WREF,2026-07-23T00:00:00Z,92477.333984375,295.9430122375488,0.2192500103265047,0,0,0
YELL,2026-07-23T00:00:00Z,76662.333984375,290.21801376342773,0.24387501366436481,0,0,0
ABBY,2026-07-24T00:00:00Z,96712.7734375,292.218017578125,0.17075000517070293,0,0,0
BARR,2026-07-24T00:00:00Z,101656.970703125,NA,NA,0,0,0.35999998450279236
BART,2026-07-24T00:00:00Z,96108.7705078125,288.0430107116699,0.2402500119060278,0,0,0
BLAN,2026-07-24T00:00:00Z,99579.5712890625,293.1305160522461,0.2720000147819519,0,0,0
BONA,2026-07-24T00:00:00Z,96960.171875,282.768009185791,0.3071250207722187,0,0,0
CLBJ,2026-07-24T00:00:00Z,98108.7724609375,304.3055114746094,0.1308750081807375,0,0,0
CPER,2026-07-24T00:00:00Z,83404.3720703125,299.1305160522461,0.14112500846385956,0,0,0
DCFS,2026-07-24T00:00:00Z,95169.171875,295.38051986694336,0.06675000116229057,0,0,0
DEJU,2026-07-24T00:00:00Z,94878.771484375,283.14301681518555,0.2687500100582838,0,0,0
DELA,2026-07-24T00:00:00Z,101130.37109375,299.843017578125,0.21762500889599323,0,0,0
DSNY,2026-07-24T00:00:00Z,101349.5703125,302.6055145263672,0.1413750071078539,0,0,0
GRSM,2026-07-24T00:00:00Z,91750.572265625,292.8305130004883,0.32237501069903374,0,0,0
GUAN,2026-07-24T00:00:00Z,100504.572265625,300.93051528930664,0.16400000639259815,0,0,0
HARV,2026-07-24T00:00:00Z,99065.9716796875,290.718017578125,0.23987501300871372,0,0,0
HEAL,2026-07-24T00:00:00Z,93690.1708984375,279.9805107116699,0.2906250171363354,0,0,0
JERC,2026-07-24T00:00:00Z,101075.9716796875,302.4805221557617,0.09875000454485416,0,0,0
JORN,2026-07-24T00:00:00Z,86287.572265625,309.28051376342773,0.14425000920891762,0,0,0
KONA,2026-07-24T00:00:00Z,97098.37109375,294.7555160522461,0.18875000812113285,0,0,0
KONZ,2026-07-24T00:00:00Z,97098.37109375,294.7555160522461,0.18875000812113285,0,0,0
LAJA,2026-07-24T00:00:00Z,100504.572265625,300.93051528930664,0.16400000639259815,0,0,0
LENO,2026-07-24T00:00:00Z,101018.3720703125,299.8680114746094,0.2296250108629465,0,0,0
MLBS,2026-07-24T00:00:00Z,94026.771484375,291.6180191040039,0.27387500926852226,0,0,0
MOAB,2026-07-24T00:00:00Z,80217.5712890625,298.9930114746094,0.19350000843405724,0,0,0
NIWO,2026-07-24T00:00:00Z,74692.37109375,288.78051376342773,0.17475000582635403,0,0,0
NOGP,2026-07-24T00:00:00Z,94290.5712890625,296.79301834106445,0.07075000181794167,0,0,0
OAES,2026-07-24T00:00:00Z,95427.171875,304.8555107116699,0.11537500377744436,0,0,0
ONAQ,2026-07-24T00:00:00Z,82440.3701171875,304.11801528930664,0.141250004991889,0,0,0
ORNL,2026-07-24T00:00:00Z,97154.3720703125,294.9805221557617,0.31850001588463783,0,0,0
OSBS,2026-07-24T00:00:00Z,101386.1708984375,303.85550689697266,0.1158750057220459,0,0,0
PUUM,2026-07-24T00:00:00Z,80971.369140625,296.03052139282227,0.227750014513731,0,0,0
RMNP,2026-07-24T00:00:00Z,75126.5712890625,288.4555130004883,0.2511250115931034,0,0,0
SCBI,2026-07-24T00:00:00Z,99579.5712890625,293.1305160522461,0.2720000147819519,0,0,0
SERC,2026-07-24T00:00:00Z,101954.7705078125,NA,NA,NA,NA,0
SJER,2026-07-24T00:00:00Z,94221.9716796875,300.80551528930664,0.04687500232830644,0,0,0
SOAP,2026-07-24T00:00:00Z,94221.9716796875,300.80551528930664,0.04687500232830644,0,0,0
SRER,2026-07-24T00:00:00Z,89995.9716796875,310.9430160522461,0.17450001090765,0,0,0
STEI,2026-07-24T00:00:00Z,96316.970703125,289.705509185791,0.20687501691281796,0,0,0
STER,2026-07-24T00:00:00Z,87297.7705078125,298.8180122375488,0.22662501223385334,0,0,0
TALL,2026-07-24T00:00:00Z,100659.5703125,299.65551376342773,0.25925001315772533,0,0,0
TEAK,2026-07-24T00:00:00Z,80639.7724609375,294.0430107116699,0.09362500440329313,0,0,0
TOOL,2026-07-24T00:00:00Z,89514.970703125,278.34301376342773,0.22550001181662083,12.375,0.07624999759718776,0
TREE,2026-07-24T00:00:00Z,96316.970703125,289.705509185791,0.20687501691281796,0,0,0
UKFS,2026-07-24T00:00:00Z,98350.1708984375,294.4305191040039,0.18300000950694084,0,0,0
UNDE,2026-07-24T00:00:00Z,95882.771484375,289.79301834106445,0.181625010445714,0,0,0
WOOD,2026-07-24T00:00:00Z,95169.171875,295.38051986694336,0.06675000116229057,0,0,0
WREF,2026-07-24T00:00:00Z,92382.9716796875,292.2055130004883,0.2091250065714121,0,0,0
YELL,2026-07-24T00:00:00Z,76658.3701171875,290.14301681518555,0.22637501172721386,0,0,0
ABBY,2026-07-25T00:00:00Z,96613.0810546875,291.4507637023926,0.1680000126361847,0,0,0
BARR,2026-07-25T00:00:00Z,101267.08203125,NA,NA,0,0,0.14874999225139618
BART,2026-07-25T00:00:00Z,95982.08203125,288.9757614135742,0.23850001022219658,0,0,0
BLAN,2026-07-25T00:00:00Z,99315.8837890625,293.45076751708984,0.23712501116096973,0,0,0
BONA,2026-07-25T00:00:00Z,97721.2822265625,283.16326904296875,0.2587500140070915,0,0,0
CLBJ,2026-07-25T00:00:00Z,98193.681640625,303.8757629394531,0.14487500488758087,0,0,0
CPER,2026-07-25T00:00:00Z,83396.0810546875,302.9382629394531,0.1375000048428774,0,0,0
DCFS,2026-07-25T00:00:00Z,94943.4814453125,296.35076904296875,0.08837500214576721,0,0,0
DEJU,2026-07-25T00:00:00Z,95613.28125,281.61326599121094,0.28725001215934753,0,0,0
DELA,2026-07-25T00:00:00Z,101155.08203125,299.65076446533203,0.22875001095235348,0,0,0
DSNY,2026-07-25T00:00:00Z,101349.2802734375,302.17576599121094,0.14687500521540642,0,0,0
GRSM,2026-07-25T00:00:00Z,91743.28125,292.3132629394531,0.31975001096725464,0,0,0
GUAN,2026-07-25T00:00:00Z,100566.8818359375,300.9757652282715,0.1808750107884407,0,0,0
HARV,2026-07-25T00:00:00Z,98885.2822265625,291.21326446533203,0.23800000920891762,0,0,0
HEAL,2026-07-25T00:00:00Z,94202.880859375,279.8507652282715,0.27912501245737076,0,0,0
JERC,2026-07-25T00:00:00Z,101041.48046875,302.7007713317871,0.06987500190734863,0,0,0
JORN,2026-07-25T00:00:00Z,86251.4814453125,310.77577209472656,0.14775000512599945,0,0,0
KONA,2026-07-25T00:00:00Z,96779.8818359375,297.9257698059082,0.18537500873208046,0,0,0
KONZ,2026-07-25T00:00:00Z,96779.8818359375,297.9257698059082,0.18537500873208046,0,0,0
LAJA,2026-07-25T00:00:00Z,100566.8818359375,300.9757652282715,0.1808750107884407,0,0,0
LENO,2026-07-25T00:00:00Z,101036.8818359375,300.3382682800293,0.2227500081062317,0,0,0
MLBS,2026-07-25T00:00:00Z,93833.8818359375,291.33826446533203,0.25325001403689384,0,0,0
MOAB,2026-07-25T00:00:00Z,80202.8828125,297.16326904296875,0.19962500780820847,0,0,0
NIWO,2026-07-25T00:00:00Z,74736.48046875,291.3507652282715,0.17287500761449337,0,0,0
NOGP,2026-07-25T00:00:00Z,94134.6806640625,299.62577056884766,0.06687500141561031,0,0,0
OAES,2026-07-25T00:00:00Z,95420.8818359375,304.83827209472656,0.11825000587850809,0,0,0
ONAQ,2026-07-25T00:00:00Z,82408.482421875,304.82576751708984,0.11200000625103712,0,0,0
ORNL,2026-07-25T00:00:00Z,97209.482421875,294.9382667541504,0.30287502333521843,0,0,0
OSBS,2026-07-25T00:00:00Z,101352.28125,303.8382682800293,0.11875000409781933,0,0,0
PUUM,2026-07-25T00:00:00Z,80952.681640625,295.8507652282715,0.21712500788271427,0,0,0
RMNP,2026-07-25T00:00:00Z,75170.6806640625,290.7257652282715,0.21762501262128353,0,0,0
SCBI,2026-07-25T00:00:00Z,99315.8837890625,293.45076751708984,0.23712501116096973,0,0,0
SERC,2026-07-25T00:00:00Z,101719.08203125,NA,NA,NA,NA,0
SJER,2026-07-25T00:00:00Z,94209.2822265625,301.22576904296875,0.0517500014975667,0,0,0
SOAP,2026-07-25T00:00:00Z,94209.2822265625,301.22576904296875,0.0517500014975667,0,0,0
SRER,2026-07-25T00:00:00Z,89958.08203125,311.2882652282715,0.18700000829994678,0,0,0
STEI,2026-07-25T00:00:00Z,95785.681640625,291.1257629394531,0.19975000619888306,0,0,0
STER,2026-07-25T00:00:00Z,87268.8828125,302.4507637023926,0.1691250056028366,0,0,0
TALL,2026-07-25T00:00:00Z,100700.8818359375,299.0007629394531,0.2620000094175339,0,0,0
TEAK,2026-07-25T00:00:00Z,80632.8828125,294.3632621765137,0.08087500091642141,0,0,0
TOOL,2026-07-25T00:00:00Z,89920.8828125,279.08826446533203,0.22487501055002213,0,0,0
TREE,2026-07-25T00:00:00Z,95785.681640625,291.1257629394531,0.19975000619888306,0,0,0
UKFS,2026-07-25T00:00:00Z,97968.2822265625,295.7007637023926,0.19300000555813313,0,0,0
UNDE,2026-07-25T00:00:00Z,95358.4833984375,291.21326446533203,0.1847500056028366,0,0,0
WOOD,2026-07-25T00:00:00Z,94943.4814453125,296.35076904296875,0.08837500214576721,0,0,0
WREF,2026-07-25T00:00:00Z,92273.4814453125,292.01326751708984,0.2055000141263008,0,0,0
YELL,2026-07-25T00:00:00Z,76619.08203125,291.1007614135742,0.20912500843405724,0,0,0
ABBY,2026-07-26T00:00:00Z,96926.275390625,289.7170066833496,0.16900001280009747,0,0,0
BARR,2026-07-26T00:00:00Z,100804.875,NA,NA,0,0,0.16124999709427357
BART,2026-07-26T00:00:00Z,95400.2744140625,289.65450286865234,0.23625001683831215,0,0,0
BLAN,2026-07-26T00:00:00Z,98780.6748046875,293.75450134277344,0.24700001068413258,0,0,0
BONA,2026-07-26T00:00:00Z,97134.6748046875,285.07950592041016,0.24225001223385334,0,0,0
CLBJ,2026-07-26T00:00:00Z,98134.8740234375,305.7170066833496,0.1293750088661909,0,0,0
CPER,2026-07-26T00:00:00Z,83222.8759765625,302.7545051574707,0.11600000597536564,0,0,0
DCFS,2026-07-26T00:00:00Z,94855.474609375,299.54199981689453,0.08062500134110451,0,0,0
DEJU,2026-07-26T00:00:00Z,95028.8740234375,284.0795021057129,0.2693750150501728,0,0,0
DELA,2026-07-26T00:00:00Z,100937.0751953125,300.22949600219727,0.21762501075863838,0,0,0
DSNY,2026-07-26T00:00:00Z,101121.8759765625,302.66700744628906,0.1653750091791153,0,0,0
GRSM,2026-07-26T00:00:00Z,91429.0751953125,292.96700286865234,0.32375001534819603,0,0,0
GUAN,2026-07-26T00:00:00Z,100494.0751953125,300.6045036315918,0.2070000097155571,0,0,0
HARV,2026-07-26T00:00:00Z,98280.07421875,291.1670036315918,0.23450001329183578,0,0,0
HEAL,2026-07-26T00:00:00Z,93698.2744140625,282.10449981689453,0.248500008136034,0,0,0
JERC,2026-07-26T00:00:00Z,100784.474609375,303.05450439453125,0.07600000593811274,0,0,0
JORN,2026-07-26T00:00:00Z,86288.275390625,309.45450592041016,0.15587500669062138,0,0,0
KONA,2026-07-26T00:00:00Z,96660.474609375,301.19200897216797,0.19050000980496407,0,0,0
KONZ,2026-07-26T00:00:00Z,96660.474609375,301.19200897216797,0.19050000980496407,0,0,0
LAJA,2026-07-26T00:00:00Z,100494.0751953125,300.6045036315918,0.2070000097155571,0,0,0
LENO,2026-07-26T00:00:00Z,100816.2744140625,300.95450592041016,0.21900001354515553,0,0,0
MLBS,2026-07-26T00:00:00Z,93433.875,291.9795036315918,0.25112501345574856,0,0,0
MOAB,2026-07-26T00:00:00Z,80165.6748046875,298.2420082092285,0.22225001268088818,0,0,0
NIWO,2026-07-26T00:00:00Z,74645.474609375,292.14200592041016,0.16375000588595867,0,0,0
NOGP,2026-07-26T00:00:00Z,94013.8759765625,302.8545036315918,0.0653750030323863,0,0,0
OAES,2026-07-26T00:00:00Z,95354.0751953125,307.4670066833496,0.09325000457465649,0,0,0
ONAQ,2026-07-26T00:00:00Z,82322.875,304.9670066833496,0.11175000481307507,0,0,0
ORNL,2026-07-26T00:00:00Z,96841.4755859375,295.1045036315918,0.3125000149011612,0,0,0
OSBS,2026-07-26T00:00:00Z,101074.673828125,302.554500579834,0.14012500643730164,0,0,0
PUUM,2026-07-26T00:00:00Z,80921.2744140625,294.1295051574707,0.24975000694394112,0,0,0
RMNP,2026-07-26T00:00:00Z,75078.474609375,291.9170036315918,0.198000006377697,0,0,0
SCBI,2026-07-26T00:00:00Z,98780.6748046875,293.75450134277344,0.24700001068413258,0,0,0
SERC,2026-07-26T00:00:00Z,101161.4755859375,NA,NA,NA,NA,0
SJER,2026-07-26T00:00:00Z,94315.2744140625,301.4170036315918,0.04687500232830644,0,0,0
SOAP,2026-07-26T00:00:00Z,94315.2744140625,301.4170036315918,0.04687500232830644,0,0,0
SRER,2026-07-26T00:00:00Z,90069.875,311.11700439453125,0.17462500743567944,0,0,0
STEI,2026-07-26T00:00:00Z,95641.2763671875,292.6545066833496,0.19562500901520252,0,0,0
STER,2026-07-26T00:00:00Z,87023.4765625,305.26700592041016,0.1253750054165721,0,0,0
TALL,2026-07-26T00:00:00Z,100458.474609375,299.2920036315918,0.2605000175535679,0,0,0
TEAK,2026-07-26T00:00:00Z,80679.6748046875,293.94200897216797,0.08362500555813313,0,0,0
TOOL,2026-07-26T00:00:00Z,89168.6748046875,282.6545066833496,0.2175000086426735,0,0,0
TREE,2026-07-26T00:00:00Z,95641.2763671875,292.6545066833496,0.19562500901520252,0,0,0
UKFS,2026-07-26T00:00:00Z,97845.875,299.0045051574707,0.16675000824034214,0,0,0
UNDE,2026-07-26T00:00:00Z,95246.275390625,292.85450744628906,0.17762500420212746,0,0,0
WOOD,2026-07-26T00:00:00Z,94855.474609375,299.54199981689453,0.08062500134110451,0,0,0
WREF,2026-07-26T00:00:00Z,92569.474609375,289.0295066833496,0.2141250129789114,0,0,0
YELL,2026-07-26T00:00:00Z,76593.474609375,291.26700592041016,0.18962501361966133,0,0,0
ABBY,2026-07-27T00:00:00Z,96997.7646484375,289.5420227050781,0.16762501187622547,0,0,0
BARR,2026-07-27T00:00:00Z,101567.9638671875,NA,NA,0,0,0.11999999731779099
BART,2026-07-27T00:00:00Z,94994.36328125,289.6795310974121,0.23600001074373722,0,0,0
BLAN,2026-07-27T00:00:00Z,98527.564453125,294.3545227050781,0.26337501034140587,0,0,0
BONA,2026-07-27T00:00:00Z,96815.1640625,285.57951736450195,0.23037501238286495,0,0,0
CLBJ,2026-07-27T00:00:00Z,97900.3623046875,306.22951889038086,0.10850000474601984,0,0,0
CPER,2026-07-27T00:00:00Z,83213.763671875,304.1420211791992,0.12087500561028719,0,0,0
DCFS,2026-07-27T00:00:00Z,95010.7626953125,301.5295181274414,0.07225000485777855,0,0,0
DEJU,2026-07-27T00:00:00Z,94762.7646484375,285.6795234680176,0.2602500095963478,0,0,0
DELA,2026-07-27T00:00:00Z,100655.5634765625,301.09201431274414,0.20237500965595245,0,0,0
DSNY,2026-07-27T00:00:00Z,100857.9638671875,302.2920265197754,0.16725000739097595,0,0,0
GRSM,2026-07-27T00:00:00Z,91275.1630859375,293.71702575683594,0.3101250156760216,0,0,0
GUAN,2026-07-27T00:00:00Z,100414.763671875,300.0420265197754,0.23750001192092896,0,0,0
HARV,2026-07-27T00:00:00Z,97885.1640625,290.9545211791992,0.23287500999867916,0,0,0
HEAL,2026-07-27T00:00:00Z,93450.7626953125,283.37952423095703,0.23225000873208046,0,0,0
JERC,2026-07-27T00:00:00Z,100490.3642578125,302.2045211791992,0.09787500463426113,0,0,0
JORN,2026-07-27T00:00:00Z,86107.9638671875,310.2420196533203,0.14412500895559788,0,0,0
KONA,2026-07-27T00:00:00Z,96376.3642578125,302.0295181274414,0.2003750093281269,0,0,0
KONZ,2026-07-27T00:00:00Z,96376.3642578125,302.0295181274414,0.2003750093281269,0,0,0
LAJA,2026-07-27T00:00:00Z,100414.763671875,300.0420265197754,0.23750001192092896,0,0,0
LENO,2026-07-27T00:00:00Z,100540.96484375,301.10451889038086,0.20737500675022602,0,0,0
MLBS,2026-07-27T00:00:00Z,93260.1650390625,292.2920227050781,0.25225001759827137,0,0,0
MOAB,2026-07-27T00:00:00Z,80123.1650390625,298.4920234680176,0.20800000987946987,0,0,0
NIWO,2026-07-27T00:00:00Z,74585.5654296875,291.4295234680176,0.19012500904500484,0,0,0
NOGP,2026-07-27T00:00:00Z,94328.564453125,302.56702041625977,0.06787500344216824,0,0,0
OAES,2026-07-27T00:00:00Z,95152.7646484375,307.2670249938965,0.09187500551342964,0,0,0
ONAQ,2026-07-27T00:00:00Z,82311.564453125,304.3920211791992,0.12262500450015068,0,0,0
ORNL,2026-07-27T00:00:00Z,96636.3642578125,296.77952575683594,0.30937501415610313,0,0,0
OSBS,2026-07-27T00:00:00Z,100769.9638671875,304.05452728271484,0.12075000535696745,0,0,0
PUUM,2026-07-27T00:00:00Z,80884.564453125,296.5920219421387,0.23912500962615013,0,0,0
RMNP,2026-07-27T00:00:00Z,75049.763671875,290.8670234680176,0.22937501035630703,0,0,0
SCBI,2026-07-27T00:00:00Z,98527.564453125,294.3545227050781,0.26337501034140587,0,0,0
SERC,2026-07-27T00:00:00Z,100807.3642578125,NA,NA,NA,NA,0
SJER,2026-07-27T00:00:00Z,94331.9638671875,300.90452575683594,0.04687500232830644,0,0,0
SOAP,2026-07-27T00:00:00Z,94331.9638671875,300.90452575683594,0.04687500232830644,0,0,0
SRER,2026-07-27T00:00:00Z,90061.9658203125,310.9545249938965,0.15950001031160355,0,0,0
STEI,2026-07-27T00:00:00Z,95160.962890625,295.2420234680176,0.19975000619888306,0,0,0
STER,2026-07-27T00:00:00Z,86909.7666015625,306.4795265197754,0.09262500330805779,0,0,0
TALL,2026-07-27T00:00:00Z,100191.5634765625,300.35453033447266,0.25250001065433025,0,0,0
TEAK,2026-07-27T00:00:00Z,80653.5654296875,293.2920227050781,0.08675000444054604,0,0,0
TOOL,2026-07-27T00:00:00Z,89409.96484375,278.25452041625977,0.22400000877678394,9.5,0.07249999674968421,0
TREE,2026-07-27T00:00:00Z,95160.962890625,295.2420234680176,0.19975000619888306,0,0,0
UKFS,2026-07-27T00:00:00Z,97596.36328125,300.75452041625977,0.1626250073313713,0,0,0
UNDE,2026-07-27T00:00:00Z,94802.3642578125,295.0420265197754,0.18050000816583633,0,0,0
WOOD,2026-07-27T00:00:00Z,95010.7626953125,301.5295181274414,0.07225000485777855,0,0,0
WREF,2026-07-27T00:00:00Z,92628.962890625,289.22951889038086,0.21050000935792923,0,0,0
YELL,2026-07-27T00:00:00Z,76569.9638671875,291.6170196533203,0.18137500993907452,0,0,0
ABBY,2026-07-28T00:00:00Z,96921.07421875,289.7170219421387,0.1608750130981207,0,0,0
BARR,2026-07-28T00:00:00Z,101057.4736328125,NA,NA,0,0,0.2887499928474426
BART,2026-07-28T00:00:00Z,94778.474609375,289.4670219421387,0.23525000549852848,0,0,0
BLAN,2026-07-28T00:00:00Z,98059.8740234375,295.1170234680176,0.2523750104010105,0,0,0
BONA,2026-07-28T00:00:00Z,97002.275390625,284.4795227050781,0.2212500162422657,0,0,0
CLBJ,2026-07-28T00:00:00Z,97672.474609375,306.3420219421387,0.10987500660121441,0,0,0
CPER,2026-07-28T00:00:00Z,83311.07421875,300.32951736450195,0.10975000727921724,0,0,0
DCFS,2026-07-28T00:00:00Z,95282.2744140625,300.4295234680176,0.07312500383704901,0,0,0
DEJU,2026-07-28T00:00:00Z,94858.6748046875,283.01701736450195,0.29200001433491707,0,0,0
DELA,2026-07-28T00:00:00Z,100400.8740234375,301.8295211791992,0.1763750035315752,0,0,0
DSNY,2026-07-28T00:00:00Z,100684.0751953125,302.09202575683594,0.17350001074373722,0,0,0
GRSM,2026-07-28T00:00:00Z,91047.6748046875,294.16701889038086,0.2995000146329403,0,0,0
GUAN,2026-07-28T00:00:00Z,100378.2734375,300.3420295715332,0.22562501206994057,0,0,0
HARV,2026-07-28T00:00:00Z,97623.8740234375,291.86702728271484,0.23987501300871372,0,0,0
HEAL,2026-07-28T00:00:00Z,93477.673828125,281.0420227050781,0.2500000111758709,0,0,0
JERC,2026-07-28T00:00:00Z,100285.8740234375,302.94202041625977,0.08875000476837158,0,0,0
JORN,2026-07-28T00:00:00Z,85870.4736328125,311.6170234680176,0.12325000576674938,0,0,0
KONA,2026-07-28T00:00:00Z,96380.875,301.8545227050781,0.2016250118613243,0,0,0
KONZ,2026-07-28T00:00:00Z,96380.875,301.8545227050781,0.2016250118613243,0,0,0
LAJA,2026-07-28T00:00:00Z,100378.2734375,300.3420295715332,0.22562501206994057,0,0,0
LENO,2026-07-28T00:00:00Z,100282.2744140625,302.2170219421387,0.19225000590085983,0,0,0
MLBS,2026-07-28T00:00:00Z,92882.8740234375,292.94202041625977,0.2603750079870224,0,0,0
MOAB,2026-07-28T00:00:00Z,79972.275390625,299.2795219421387,0.18462500534951687,0,0,0
NIWO,2026-07-28T00:00:00Z,74539.873046875,289.44202423095703,0.21175001375377178,0,0,0
NOGP,2026-07-28T00:00:00Z,94476.275390625,300.8170280456543,0.0720000034198165,0,0,0
OAES,2026-07-28T00:00:00Z,94959.07421875,307.0795211791992,0.09362500440329313,0,0,0
ONAQ,2026-07-28T00:00:00Z,82250.474609375,303.94202423095703,0.11612500436604023,0,0,0
ORNL,2026-07-28T00:00:00Z,96347.2744140625,297.40452575683594,0.3085000142455101,0,0,0
OSBS,2026-07-28T00:00:00Z,100594.873046875,303.52952575683594,0.1233750032261014,0,0,0
PUUM,2026-07-28T00:00:00Z,80846.6748046875,297.31702041625977,0.19887501187622547,0,0,0
RMNP,2026-07-28T00:00:00Z,74997.8740234375,289.3545265197754,0.2571250144392252,0,0,0
SCBI,2026-07-28T00:00:00Z,98059.8740234375,295.1170234680176,0.2523750104010105,0,0,0
SERC,2026-07-28T00:00:00Z,100406.0751953125,NA,NA,NA,NA,0
SJER,2026-07-28T00:00:00Z,94191.8759765625,300.1670150756836,0.04687500232830644,0,0,0
SOAP,2026-07-28T00:00:00Z,94191.8759765625,300.1670150756836,0.04687500232830644,0,0,0
SRER,2026-07-28T00:00:00Z,89947.474609375,310.4920196533203,0.14212500676512718,0,0,0
STEI,2026-07-28T00:00:00Z,95574.6728515625,295.1170234680176,0.20462501235306263,0,0,0
STER,2026-07-28T00:00:00Z,87094.6748046875,301.7045211791992,0.13512500748038292,0,0,0
TALL,2026-07-28T00:00:00Z,99933.2734375,301.12952423095703,0.23475001566112041,0,0,0
TEAK,2026-07-28T00:00:00Z,80510.673828125,292.94202423095703,0.08475000225007534,0,0,0
TOOL,2026-07-28T00:00:00Z,89438.8740234375,276.12952041625977,0.2305000089108944,8.5,0.06124999886378646,0
TREE,2026-07-28T00:00:00Z,95574.6728515625,295.1170234680176,0.20462501235306263,0,0,0
UKFS,2026-07-28T00:00:00Z,97545.474609375,300.1795234680176,0.1880000066012144,0,0,0
UNDE,2026-07-28T00:00:00Z,95249.4736328125,293.66701889038086,0.21850001066923141,0,0,0
WOOD,2026-07-28T00:00:00Z,95282.2744140625,300.4295234680176,0.07312500383704901,0,0,0
WREF,2026-07-28T00:00:00Z,92561.2734375,289.4545211791992,0.1983750145882368,0,0,0
YELL,2026-07-28T00:00:00Z,76578.2744140625,291.0170211791992,0.17725000530481339,0,0,0
ABBY,2026-07-29T00:00:00Z,96862.8154296875,289.02000427246094,0.16100001148879528,0,0,0
BARR,2026-07-29T00:00:00Z,100359.2158203125,NA,NA,0,0,0.17499999701976776
BART,2026-07-29T00:00:00Z,94714.6162109375,289.5325126647949,0.2810000143945217,0,0,0
BLAN,2026-07-29T00:00:00Z,97989.2177734375,294.5825080871582,0.25050001218914986,0,0,0
BONA,2026-07-29T00:00:00Z,97129.81640625,284.28250885009766,0.21325001306831837,0,0,0
CLBJ,2026-07-29T00:00:00Z,97718.81640625,306.55751037597656,0.11250000633299351,0,0,0
CPER,2026-07-29T00:00:00Z,83228.216796875,299.07000732421875,0.18287500739097595,0,0,0
DCFS,2026-07-29T00:00:00Z,95190.017578125,300.33250427246094,0.07150000333786011,0,0,0
DEJU,2026-07-29T00:00:00Z,95061.6162109375,282.7450141906738,0.27787500992417336,0,0,0
DELA,2026-07-29T00:00:00Z,100379.6162109375,302.48250579833984,0.18175001069903374,0,0,0
DSNY,2026-07-29T00:00:00Z,100806.015625,301.7950096130371,0.15775000676512718,0,0,0
GRSM,2026-07-29T00:00:00Z,90969.81640625,294.08250427246094,0.29637501388788223,0,0,0
GUAN,2026-07-29T00:00:00Z,100455.6162109375,300.85750579833984,0.21225000731647015,0,0,0
HARV,2026-07-29T00:00:00Z,97401.81640625,291.29500579833984,0.31300000846385956,0,0,0
HEAL,2026-07-29T00:00:00Z,93675.017578125,281.5575065612793,0.24512500874698162,0,0,0
JERC,2026-07-29T00:00:00Z,100236.017578125,303.52000427246094,0.07262500282377005,0,0,0
JORN,2026-07-29T00:00:00Z,85937.2158203125,310.54500579833984,0.1287500075995922,0,0,0
KONA,2026-07-29T00:00:00Z,96626.0166015625,301.2700080871582,0.14975000731647015,0,0,0
KONZ,2026-07-29T00:00:00Z,96626.0166015625,301.2700080871582,0.14975000731647015,0,0,0
LAJA,2026-07-29T00:00:00Z,100455.6162109375,300.85750579833984,0.21225000731647015,0,0,0
LENO,2026-07-29T00:00:00Z,100264.416015625,302.5575065612793,0.1912500038743019,0,0,0
MLBS,2026-07-29T00:00:00Z,92866.216796875,292.445011138916,0.2538750134408474,0,0,0
MOAB,2026-07-29T00:00:00Z,79872.2158203125,298.93251037597656,0.16350000724196434,0,0,0
NIWO,2026-07-29T00:00:00Z,74448.0166015625,290.757511138916,0.23075001128017902,0,0,0
NOGP,2026-07-29T00:00:00Z,94317.8173828125,301.80750274658203,0.06587500032037497,0,0,0
OAES,2026-07-29T00:00:00Z,95030.017578125,308.03250885009766,0.08875000290572643,0,0,0
ONAQ,2026-07-29T00:00:00Z,82128.6162109375,304.39500427246094,0.10162500478327274,0,0,0
ORNL,2026-07-29T00:00:00Z,96369.015625,297.5450096130371,0.29462501034140587,0,0,0
OSBS,2026-07-29T00:00:00Z,100682.416015625,303.007511138916,0.13925000466406345,0,0,0
PUUM,2026-07-29T00:00:00Z,80864.0166015625,298.5575065612793,0.20850001089274883,0,0,0
RMNP,2026-07-29T00:00:00Z,74888.6162109375,290.0325050354004,0.256125008687377,0,0,0
SCBI,2026-07-29T00:00:00Z,97989.2177734375,294.5825080871582,0.25050001218914986,0,0,0
SERC,2026-07-29T00:00:00Z,100126.6162109375,NA,NA,NA,NA,0
SJER,2026-07-29T00:00:00Z,94053.416015625,299.77000427246094,0.04787500062957406,0,0,0
SOAP,2026-07-29T00:00:00Z,94053.416015625,299.77000427246094,0.04787500062957406,0,0,0
SRER,2026-07-29T00:00:00Z,89877.6162109375,309.7575149536133,0.1796250082552433,0,0,0
STEI,2026-07-29T00:00:00Z,95973.0166015625,293.695011138916,0.195875009521842,0,0,0
STER,2026-07-29T00:00:00Z,87153.0166015625,300.820011138916,0.21225000731647015,0,0,0
TALL,2026-07-29T00:00:00Z,99903.416015625,301.6825065612793,0.234875014051795,0,0,0
TEAK,2026-07-29T00:00:00Z,80399.017578125,292.3200035095215,0.07475000247359276,0,0,0
TOOL,2026-07-29T00:00:00Z,89060.015625,277.3075065612793,0.23812500946223736,1.125,0.004999999888241291,0
TREE,2026-07-29T00:00:00Z,95973.0166015625,293.695011138916,0.195875009521842,0,0,0
UKFS,2026-07-29T00:00:00Z,97782.81640625,298.9325065612793,0.15687501057982445,0,0,0
UNDE,2026-07-29T00:00:00Z,95598.81640625,292.77000427246094,0.20575001090765,0,0,0
WOOD,2026-07-29T00:00:00Z,95190.017578125,300.33250427246094,0.07150000333786011,0,0,0
WREF,2026-07-29T00:00:00Z,92469.6181640625,288.75750732421875,0.19725001230835915,0,0,0
YELL,2026-07-29T00:00:00Z,76434.6162109375,290.82000732421875,0.17337500676512718,0,0,0
ABBY,2026-07-30T00:00:00Z,96898.3505859375,288.7575035095215,0.1608750130981207,0,0,0
BARR,2026-07-30T00:00:00Z,101522.751953125,NA,NA,0,0,0.17000000178813934
BART,2026-07-30T00:00:00Z,94886.951171875,288.7949981689453,0.2750000134110451,0,0,0
BLAN,2026-07-30T00:00:00Z,98545.1513671875,294.34500885009766,0.23612501099705696,0,0,0
BONA,2026-07-30T00:00:00Z,97433.150390625,284.1825065612793,0.21025000885128975,0,0,0
CLBJ,2026-07-30T00:00:00Z,97851.1513671875,306.69500732421875,0.10575000569224358,0,0,0
CPER,2026-07-30T00:00:00Z,83196.1513671875,298.5200080871582,0.18600000627338886,0,0,0
DCFS,2026-07-30T00:00:00Z,95170.1513671875,301.5825080871582,0.0677500031888485,0,0,0
DEJU,2026-07-30T00:00:00Z,95378.1513671875,284.6450004577637,0.26350000873208046,0,0,0
DELA,2026-07-30T00:00:00Z,100602.3525390625,301.88250732421875,0.18487500958144665,0,0,0
DSNY,2026-07-30T00:00:00Z,100995.751953125,300.7574996948242,0.17350000888109207,0,0,0
GRSM,2026-07-30T00:00:00Z,91334.75,293.04500579833984,0.2953750118613243,0,0,0
GUAN,2026-07-30T00:00:00Z,100556.55078125,301.2200050354004,0.1901250071823597,0,0,0
HARV,2026-07-30T00:00:00Z,97616.1513671875,290.4700050354004,0.3226250186562538,0,0,0
HEAL,2026-07-30T00:00:00Z,94030.751953125,282.6200065612793,0.2305000089108944,0,0,0
JERC,2026-07-30T00:00:00Z,100449.3515625,303.58250427246094,0.08287500403821468,0,0,0
JORN,2026-07-30T00:00:00Z,86043.15234375,310.30751037597656,0.13312500342726707,0,0,0
KONA,2026-07-30T00:00:00Z,96732.1513671875,300.3574981689453,0.18100000731647015,0,0,0
KONZ,2026-07-30T00:00:00Z,96732.1513671875,300.3574981689453,0.18100000731647015,0,0,0
LAJA,2026-07-30T00:00:00Z,100556.55078125,301.2200050354004,0.1901250071823597,0,0,0
LENO,2026-07-30T00:00:00Z,100481.15234375,301.60750579833984,0.21550000831484795,0,0,0
MLBS,2026-07-30T00:00:00Z,93368.7529296875,291.63250732421875,0.2415000144392252,0,0,0
MOAB,2026-07-30T00:00:00Z,80062.5517578125,298.52000427246094,0.18725000880658627,0,0,0
NIWO,2026-07-30T00:00:00Z,74466.751953125,288.9325065612793,0.2400000113993883,0,0,0
NOGP,2026-07-30T00:00:00Z,94313.751953125,302.05750274658203,0.06625000014901161,0,0,0
OAES,2026-07-30T00:00:00Z,95149.9521484375,308.58250427246094,0.08287500403821468,0,0,0
ONAQ,2026-07-30T00:00:00Z,82305.353515625,299.70750427246094,0.11450000293552876,0,0,0
ORNL,2026-07-30T00:00:00Z,96825.751953125,296.3200035095215,0.28850001096725464,0,0,0
OSBS,2026-07-30T00:00:00Z,100843.552734375,302.79500579833984,0.13700000382959843,0,0,0
PUUM,2026-07-30T00:00:00Z,80913.150390625,296.55749893188477,0.24037501029670238,0,0,0
RMNP,2026-07-30T00:00:00Z,74911.951171875,288.5325050354004,0.26637501269578934,0,0,0
SCBI,2026-07-30T00:00:00Z,98545.1513671875,294.34500885009766,0.23612501099705696,0,0,0
SERC,2026-07-30T00:00:00Z,100674.951171875,NA,NA,NA,NA,0
SJER,2026-07-30T00:00:00Z,94126.15234375,300.04500579833984,0.046750002540647984,0,0,0
SOAP,2026-07-30T00:00:00Z,94126.15234375,300.04500579833984,0.046750002540647984,0,0,0
SRER,2026-07-30T00:00:00Z,89924.1513671875,310.8825035095215,0.17762500792741776,0,0,0
STEI,2026-07-30T00:00:00Z,96080.3515625,294.1075019836426,0.19162500463426113,0,0,0
STER,2026-07-30T00:00:00Z,87047.55078125,301.14500427246094,0.1738750096410513,0,0,0
TALL,2026-07-30T00:00:00Z,100149.951171875,301.6450080871582,0.23237501084804535,0,0,0
TEAK,2026-07-30T00:00:00Z,80514.9521484375,292.1700019836426,0.07650000602006912,0,0,0
TOOL,2026-07-30T00:00:00Z,89565.9501953125,277.80750274658203,0.24212501384317875,0.625,0.0012499999720603228,0
TREE,2026-07-30T00:00:00Z,96080.3515625,294.1075019836426,0.19162500463426113,0,0,0
UKFS,2026-07-30T00:00:00Z,97983.951171875,298.6450004577637,0.16712500527501106,0,0,0
UNDE,2026-07-30T00:00:00Z,95673.953125,293.77000427246094,0.16950000636279583,0,0,0
WOOD,2026-07-30T00:00:00Z,95170.1513671875,301.5825080871582,0.0677500031888485,0,0,0
WREF,2026-07-30T00:00:00Z,92503.55078125,288.80750274658203,0.20225000753998756,0,0,0
YELL,2026-07-30T00:00:00Z,76535.9501953125,290.14500427246094,0.16950000450015068,0,0,0
ABBY,2026-07-31T00:00:00Z,97113.0244140625,289.11426162719727,0.15900000929832458,0,0,0
BARR,2026-07-31T00:00:00Z,101206.0244140625,NA,NA,0,0,0.15874999575316906
BART,2026-07-31T00:00:00Z,95180.625,288.65176010131836,0.2692500129342079,0,0,0
BLAN,2026-07-31T00:00:00Z,98924.8251953125,294.61426544189453,0.23712501116096973,0,0,0
BONA,2026-07-31T00:00:00Z,97482.0224609375,284.3892593383789,0.20825000666081905,0,0,0
CLBJ,2026-07-31T00:00:00Z,97892.82421875,307.5642623901367,0.1021250057965517,0,0,0
CPER,2026-07-31T00:00:00Z,83633.623046875,299.8142547607422,0.16212500631809235,0,0,0
DCFS,2026-07-31T00:00:00Z,95636.0244140625,298.6017532348633,0.11737500503659248,0,0,0
DEJU,2026-07-31T00:00:00Z,95385.82421875,285.6642646789551,0.2487500123679638,0,0,0
DELA,2026-07-31T00:00:00Z,100746.82421875,301.3892593383789,0.19237500801682472,0,0,0
DSNY,2026-07-31T00:00:00Z,101180.0234375,300.0017623901367,0.19512500800192356,0,0,0
GRSM,2026-07-31T00:00:00Z,91508.4248046875,292.3517608642578,0.2905000112950802,0,0,0
GUAN,2026-07-31T00:00:00Z,100538.6240234375,301.1642608642578,0.1847500130534172,0,0,0
HARV,2026-07-31T00:00:00Z,98099.0244140625,290.26425552368164,0.3010000139474869,0,0,0
HEAL,2026-07-31T00:00:00Z,94011.224609375,283.7142562866211,0.21887501142919064,0,0,0
JERC,2026-07-31T00:00:00Z,100696.2236328125,302.46426010131836,0.11887500621378422,0,0,0
JORN,2026-07-31T00:00:00Z,86172.6240234375,311.03925704956055,0.13175000436604023,0,0,0
KONA,2026-07-31T00:00:00Z,96475.0234375,299.5017623901367,0.2148750089108944,0,0,0
KONZ,2026-07-31T00:00:00Z,96475.0234375,299.5017623901367,0.2148750089108944,0,0,0
LAJA,2026-07-31T00:00:00Z,100538.6240234375,301.1642608642578,0.1847500130534172,0,0,0
LENO,2026-07-31T00:00:00Z,100621.82421875,301.2642593383789,0.22737501002848148,0,0,0
MLBS,2026-07-31T00:00:00Z,93633.6240234375,291.2892608642578,0.23537501506507397,0,0,0
MOAB,2026-07-31T00:00:00Z,80270.423828125,299.3767623901367,0.17550000548362732,0,0,0
NIWO,2026-07-31T00:00:00Z,74801.2236328125,289.9142608642578,0.2211250104010105,0,0,0
NOGP,2026-07-31T00:00:00Z,94945.6240234375,299.4892578125,0.07475000433623791,0,0,0
OAES,2026-07-31T00:00:00Z,95188.423828125,308.03925704956055,0.09737500548362732,0,0,0
ONAQ,2026-07-31T00:00:00Z,82528.0244140625,303.15176010131836,0.11537500470876694,0,0,0
ORNL,2026-07-31T00:00:00Z,96960.82421875,295.1517562866211,0.28675001487135887,0,0,0
OSBS,2026-07-31T00:00:00Z,101070.4228515625,302.0892639160156,0.1602500081062317,0,0,0
PUUM,2026-07-31T00:00:00Z,81025.0244140625,296.55176544189453,0.222750011831522,0,0,0
RMNP,2026-07-31T00:00:00Z,75251.2236328125,289.25175857543945,0.2428750079125166,0,0,0
SCBI,2026-07-31T00:00:00Z,98924.8251953125,294.61426544189453,0.23712501116096973,0,0,0
SERC,2026-07-31T00:00:00Z,101177.625,NA,NA,NA,NA,0
SJER,2026-07-31T00:00:00Z,94372.224609375,300.48926162719727,0.04687500232830644,0,0,0
SOAP,2026-07-31T00:00:00Z,94372.224609375,300.48926162719727,0.04687500232830644,0,0,0
SRER,2026-07-31T00:00:00Z,90101.224609375,310.6517562866211,0.16175000369548798,0,0,0
STEI,2026-07-31T00:00:00Z,95975.4248046875,294.6517524719238,0.19687500968575478,0,0,0
STER,2026-07-31T00:00:00Z,87475.2236328125,300.5767593383789,0.15337500534951687,0,0,0
TALL,2026-07-31T00:00:00Z,100306.0234375,301.0892677307129,0.23387501202523708,0,0,0
TEAK,2026-07-31T00:00:00Z,80759.423828125,293.1267623901367,0.07887500338256359,0,0,0
TOOL,2026-07-31T00:00:00Z,89664.224609375,281.0017623901367,0.22487501055002213,0,0,0
TREE,2026-07-31T00:00:00Z,95975.4248046875,294.6517524719238,0.19687500968575478,0,0,0
UKFS,2026-07-31T00:00:00Z,97603.423828125,298.48926162719727,0.1946250107139349,0,0,0
UNDE,2026-07-31T00:00:00Z,95594.6240234375,293.96426010131836,0.18850000761449337,0,0,0
WOOD,2026-07-31T00:00:00Z,95636.0244140625,298.6017532348633,0.11737500503659248,0,0,0
WREF,2026-07-31T00:00:00Z,92749.6240234375,289.25175857543945,0.19950000941753387,0,0,0
YELL,2026-07-31T00:00:00Z,76850.6240234375,290.52676010131836,0.15925000980496407,0,0,0
